Player,Age,G,GS,MP,TS%,eFG%,ORB%,DRB%,TRB%,AST%,STL%,BLK%,TOV%,USG%,ORtg,DRtg,GmSc,year
Jimmy Butler,33,5,5,205,.511,.451,4.8,9.1,6.7,27.5,1.2,1.3,5.4,25.2,114,118,17.6,2023
Gabe Vincent,26,5,5,142,.494,.473,0.7,0.9,0.8,14.4,1.9,0.7,6.5,20.1,96,119,6.5,2023
Kyle Lowry,36,5,0,146,.614,.563,2.0,14.2,7.3,26.5,1.8,0.6,17.0,16.7,115,115,9.6,2023
Duncan Robinson,28,5,0,94,.641,.650,0.0,7.7,3.4,14.9,0.6,1.8,11.6,16.9,107,119,5.0,2023
Caleb Martin,27,5,1,142,.453,.438,4.9,14.7,9.1,7.0,1.9,2.0,12.8,15.2,89,114,4.7,2023
Max Strus,26,5,5,125,.324,.302,3.1,20.2,10.7,17.8,0.4,2.1,2.2,16.9,84,116,4.0,2023
Kevin Love,34,4,4,71,.552,.542,5.5,29.7,16.5,2.0,2.3,2.4,0.0,16.3,113,112,5.9,2023
Haywood Highsmith,26,5,0,35,.827,.800,6.5,6.7,6.5,0.0,3.0,2.6,8.4,15.6,146,111,3.0,2023
Cody Zeller,30,5,0,27,.500,.500,6.7,14.7,10.4,5.1,0.0,3.5,33.3,10.5,69,121,0.3,2023
Udonis Haslem,42,1,0,0,.000,.000,0.0,0.0,0.0,0.0,0.0,0.0,0.0,95.2,0,129,-0.7,2023
Nikola Jović,19,2,0,2,.000,.000,0.0,26.2,26.2,0.0,0.0,0.0,0.0,22.5,0,118,-0.2,2023
Omer Yurtseven,24,2,0,2,.000,.000,51.3,0.0,31.0,0.0,0.0,0.0,0.0,27.1,62,126,0.0,2023
Team Totals,28.4,5,,1200,.509,.473,20.3,76.1,44.8,64.2,6.2,7.8,8.7,,106.4,115.5,,2023
Jamal Murray,25,5,5,211,.551,.516,3.2,12.0,8.1,37.7,1.3,0.0,14.9,25.7,113,109,18.0,2023
Aaron Gordon,27,5,5,178,.641,.656,6.5,16.7,12.0,13.4,1.2,1.5,5.2,15.6,133,108,13.5,2023
Bruce Brown,26,5,0,134,.561,.533,4.4,13.9,9.5,6.2,2.0,2.6,13.6,20.9,101,106,8.2,2023
Michael Porter Jr.,24,5,5,147,.390,.362,6.0,23.5,15.8,4.4,0.0,1.1,3.1,20.6,88,106,5.9,2023
Kentavious Caldwell-Pope,29,5,5,171,.504,.435,3.0,7.9,5.8,5.5,2.2,3.1,9.8,11.3,106,107,6.4,2023
Christian Braun,21,5,0,82,.692,.706,6.4,7.0,6.7,11.7,3.3,2.1,12.5,13.7,126,104,6.0,2023
Jeff Green,36,5,0,65,1.031,1.000,2.3,1.5,1.9,8.3,0.8,0.0,14.7,10.2,169,116,4.1,2023
Thomas Bryant,25,1,0,0,,,0.0,0.0,0.0,0.0,0.0,0.0,,0.0,,113,0.0,2023
Vlatko Čančar,25,1,0,0,,,0.0,0.0,0.0,0.0,0.0,0.0,,0.0,,113,0.0,2023
Reggie Jackson,32,1,0,1,.000,.000,0.0,63.1,38.1,84.6,0.0,0.0,0.0,33.1,62,89,0.3,2023
DeAndre Jordan,34,1,0,3,,,0.0,0.0,0.0,0.0,0.0,26.1,,0.0,,84,0.7,2023
Zeke Nnaji,22,1,0,0,,,0.0,0.0,0.0,0.0,0.0,0.0,,0.0,,113,0.0,2023
Peyton Watson,20,1,0,0,,,0.0,0.0,0.0,0.0,0.0,0.0,,0.0,,113,0.0,2023
Team Totals,26.7,5,,1200,.585,.550,23.9,79.7,55.2,64.5,6.8,9.2,11.1,,115.5,106.4,,2023
Jayson Tatum,23,6,6,244,.481,.450,2.1,16.3,9.4,28.7,1.5,1.7,14.6,28.7,98,112,13.8,2022
Marcus Smart,27,6,6,213,.540,.519,3.3,11.1,7.3,23.7,2.2,0.0,18.4,21.6,101,112,10.3,2022
Al Horford,35,6,6,191,.777,.779,6.3,23.7,15.2,13.9,1.1,2.2,17.2,13.7,129,109,12.8,2022
Derrick White,27,6,0,159,.482,.418,0.7,5.6,3.2,12.8,1.3,2.0,14.1,20.1,91,115,5.3,2022
Robert Williams,24,6,6,158,.786,.769,12.4,19.8,16.0,9.9,1.6,11.8,12.3,9.2,154,104,11.7,2022
Grant Williams,23,6,0,102,.636,.618,3.5,12.1,8.1,8.4,0.5,4.0,16.9,10.3,114,112,3.3,2022
Payton Pritchard,24,6,0,67,.383,.375,7.4,14.8,11.4,14.1,0.7,0.0,19.3,17.5,74,115,1.6,2022
Aaron Nesmith,22,5,0,16,.451,.333,7.0,21.9,14.4,28.6,3.1,0.0,0.0,21.9,112,107,1.4,2022
Luke Kornet,26,3,0,6,1.250,1.250,0.0,36.4,18.9,48.6,0.0,0.0,33.3,22.7,166,107,1.6,2022
Malik Fitts,24,3,0,6,1.500,1.500,0.0,0.0,0.0,0.0,0.0,0.0,0.0,7.1,300,118,0.9,2022
Sam Hauser,24,5,0,11,.500,.500,0.0,0.0,0.0,32.8,0.0,0.0,0.0,12.4,122,118,0.5,2022
Nik Stauskas,28,5,0,9,.375,.375,0.0,38.3,19.4,33.0,0.0,0.0,0.0,20.4,88,112,0.4,2022
Daniel Theis,29,2,0,20,.750,.750,0.0,27.4,13.8,7.8,0.0,10.3,33.3,6.7,60,108,2.1,2022
Juwan Morgan,24,4,0,5,,,0.0,21.7,10.9,0.0,0.0,0.0,,0.0,,117,0.1,2022
Team Totals,25.8,6,,1440,.554,.522,23.3,77.3,50.9,70.7,6.5,13.2,15.1,,106.6,110.8,,2022
Andrew Wiggins,26,6,6,235,.515,.500,5.6,19.4,12.5,8.8,2.0,3.8,9.3,22.6,103,105,14.1,2022
Klay Thompson,31,6,6,230,.484,.455,0.9,8.1,4.5,8.1,1.8,1.3,6.2,22.0,99,111,9.7,2022
Jordan Poole,22,6,0,125,.591,.556,0.9,9.7,5.1,15.3,1.2,0.8,15.2,28.4,104,113,7.4,2022
Draymond Green,31,6,6,217,.391,.357,6.9,18.7,12.5,22.8,2.3,1.8,24.1,12.8,97,106,7.5,2022
Gary Payton II,29,5,0,93,.663,.636,4.7,14.3,9.5,11.0,4.4,2.1,7.0,13.9,135,95,7.4,2022
Otto Porter Jr.,28,6,3,102,.867,.853,2.3,12.1,6.8,8.5,3.0,1.1,10.1,8.8,149,110,5.7,2022
Kevon Looney,25,6,3,130,.656,.636,17.7,20.9,19.6,17.9,1.5,4.2,30.4,11.4,124,105,7.3,2022
Nemanja Bjelica,33,5,0,29,.563,.563,2.8,27.3,15.7,4.7,3.5,0.0,20.0,15.5,94,96,1.4,2022
Andre Iguodala,38,4,0,19,.875,.875,0.0,0.0,0.0,40.1,0.0,0.0,20.0,11.6,157,129,1.7,2022
Moses Moody,19,4,0,11,1.000,1.000,0.0,0.0,0.0,0.0,0.0,8.2,0.0,4.1,200,109,0.6,2022
Jonathan Kuminga,19,4,0,8,.000,.000,0.0,15.0,7.7,0.0,0.0,0.0,0.0,6.0,0,111,-0.1,2022
Damion Lee,29,4,0,8,.000,.000,0.0,0.0,0.0,0.0,0.0,0.0,0.0,23.0,0,116,-0.7,2022
Juan Toscano-Anderson,28,4,0,8,.000,.000,0.0,28.5,14.1,40.7,0.0,0.0,66.7,17.2,52,108,-0.2,2022
Team Totals,27.7,6,,1440,.560,.533,22.7,76.7,49.1,60.5,10.9,9.5,12.3,,110.8,106.6,,2022
Chris Paul,35,6,6,224,.622,.610,2.0,5.5,4.0,35.2,0.9,0.4,16.6,25.7,118,122,16.4,2021
Deandre Ayton,22,6,6,225,.597,.531,7.1,27.4,18.0,6.3,2.0,3.1,9.8,16.6,120,110,14.8,2021
Mikal Bridges,24,6,6,192,.663,.622,2.5,11.7,7.3,5.0,1.6,1.3,11.4,14.5,121,118,9.8,2021
Jae Crowder,30,6,6,223,.612,.569,2.1,22.3,12.7,5.7,2.2,2.2,10.9,13.1,112,112,10.8,2021
Cameron Johnson,24,6,0,136,.670,.629,3.9,12.1,8.0,5.0,1.1,1.8,9.5,14.2,126,120,6.7,2021
Cameron Payne,26,6,0,94,.525,.524,2.7,15.3,9.3,14.1,2.2,0.0,10.7,22.9,102,117,5.2,2021
Torrey Craig,30,6,0,64,.507,.500,3.8,10.1,7.2,2.0,0.0,0.0,10.7,13.6,93,124,1.2,2021
Frank Kaminsky,27,4,0,29,.667,.667,7.5,15.2,11.5,17.6,1.6,0.0,10.0,15.4,131,115,3.1,2021
Ty-Shon Alexander,22,1,0,1,1.000,1.000,0.0,0.0,0.0,0.0,0.0,0.0,0.0,35.5,200,133,1.7,2021
Abdel Nader,27,2,0,8,.000,.000,0.0,0.0,0.0,0.0,0.0,0.0,0.0,5.7,0,133,-0.6,2021
Dario Šarić,26,1,0,2,.000,.000,45.5,0.0,22.2,0.0,0.0,0.0,0.0,18.4,74,116,0.0,2021
Team Totals,26.6,6,,1440,.590,.555,17.4,70.8,45.7,48.0,7.3,6.9,11.7,,114.5,117.0,,2021
Khris Middleton,29,6,6,255,.542,.512,0.8,17.3,8.5,19.2,1.8,0.0,12.5,25.9,108,115,16.2,2021
Jrue Holiday,30,6,6,250,.441,.412,2.8,13.9,8.2,31.2,2.6,1.4,10.3,21.9,107,113,15.2,2021
Brook Lopez,32,6,6,147,.553,.526,7.7,17.3,12.3,1.3,1.4,2.6,8.8,20.2,111,115,8.2,2021
Pat Connaughton,28,6,0,180,.659,.663,5.6,17.0,11.0,5.1,0.3,0.0,10.7,11.2,127,120,7.3,2021
Bobby Portis,25,6,0,100,.545,.513,11.1,16.3,13.7,1.5,2.1,1.7,2.3,18.8,123,110,6.3,2021
P.J. Tucker,35,6,6,188,.600,.600,6.5,6.8,6.7,4.7,1.6,0.0,13.0,5.3,130,117,4.2,2021
Bryn Forbes,27,3,0,22,.450,.450,0.0,5.0,2.4,0.0,2.3,0.0,9.1,22.1,83,120,0.9,2021
Jeff Teague,32,6,0,56,.356,.250,4.3,6.5,5.2,8.4,2.8,0.0,19.2,12.3,81,117,1.1,2021
Jordan Nwora,22,1,0,1,1.500,1.500,0.0,92.3,44.5,0.0,0.0,0.0,0.0,33.4,300,98,3.0,2021
Thanasis Antetokounmpo,28,1,0,2,.000,.000,72.0,100.0,100.0,0.0,0.0,0.0,0.0,56.1,45,87,-0.5,2021
Elijah Bryant,25,1,0,0,,,0.0,0.0,0.0,0.0,0.0,0.0,,0.0,,139,0.0,2021
Sam Merrill,24,1,0,1,,,0.0,0.0,0.0,0.0,0.0,0.0,,0.0,,112,0.0,2021
Team Totals,28.7,6,,1440,.560,.529,29.2,82.6,54.3,55.0,8.4,6.2,9.8,,117.0,114.5,,2021
Tyler Herro,20,6,5,208,.468,.431,0.6,12.8,7.0,14.5,0.7,0.0,13.0,24.8,88,121,7.6,2020
Duncan Robinson,25,6,6,192,.640,.577,0.7,9.1,4.9,12.3,1.3,1.3,6.4,15.4,124,118,9.5,2020
Jae Crowder,29,6,6,189,.564,.536,2.6,15.7,9.7,5.9,0.6,1.7,6.3,15.8,107,118,7.3,2020
Kendrick Nunn,24,6,0,135,.587,.559,2.7,15.2,9.0,14.5,0.0,0.7,13.0,21.7,105,122,6.8,2020
Bam Adebayo,22,4,4,135,.569,.535,5.0,16.1,10.6,13.6,0.4,2.1,13.0,21.5,108,118,11.0,2020
Kelly Olynyk,28,5,0,114,.621,.573,4.2,24.9,15.2,9.5,0.9,2.6,7.9,21.7,116,116,9.2,2020
Andre Iguodala,36,6,0,118,.500,.500,4.0,12.2,7.9,14.2,0.9,1.8,13.6,8.8,107,121,3.0,2020
Meyers Leonard,27,2,2,22,1.017,1.000,0.0,4.9,2.7,8.6,2.2,0.0,0.0,15.4,199,119,6.3,2020
Solomon Hill,28,4,0,25,.667,.667,0.0,14.3,6.4,-52.2,2.1,0.0,0.0,16.7,124,118,2.3,2020
Goran Dragić,33,2,1,34,.326,.313,3.3,16.5,9.7,24.6,4.5,0.0,10.6,26.2,74,109,3.5,2020
Derrick Jones Jr.,22,4,0,10,.500,.500,0.0,12.2,5.4,0.0,0.0,0.0,33.3,14.2,59,124,0.1,2020
Team Totals,25.6,6,,1440,.582,.534,16.3,72.7,45.5,66.4,5.9,7.0,10.9,,112.2,118.1,,2020
Anthony Davis,26,6,6,229,.669,.612,9.6,23.1,16.3,14.9,1.8,5.2,12.5,24.8,128,108,22.8,2020
Kentavious Caldwell-Pope,26,6,6,188,.512,.471,2.4,8.7,5.3,9.9,1.6,0.5,5.1,18.8,113,114,8.4,2020
Rajon Rondo,33,6,0,156,.495,.459,4.4,20.2,11.7,29.5,2.0,0.0,16.0,17.8,110,111,8.6,2020
Kyle Kuzma,24,6,0,130,.487,.448,5.3,9.3,7.4,2.9,0.4,0.7,11.8,20.2,94,117,3.7,2020
Danny Green,32,6,6,137,.451,.439,3.2,11.1,7.1,7.1,2.3,3.3,9.1,17.8,93,110,4.8,2020
Markieff Morris,30,6,0,128,.554,.526,4.4,14.8,9.1,8.7,0.0,0.0,12.9,16.2,106,118,4.1,2020
Alex Caruso,25,6,1,149,.567,.533,5.2,6.0,5.8,12.3,1.7,0.6,19.3,12.4,111,114,5.3,2020
Dwight Howard,34,6,5,71,.767,.813,9.9,17.1,13.7,7.7,0.7,3.1,31.1,10.0,120,117,2.5,2020
Quinn Cook,26,2,0,3,.750,.750,0.0,0.0,0.0,0.0,0.0,0.0,0.0,31.5,76,110,1.0,2020
J.R. Smith,34,3,0,10,.500,.500,0.0,13.5,5.9,0.0,4.8,0.0,0.0,12.8,99,112,0.5,2020
Jared Dudley,34,3,0,3,.000,.000,0.0,0.0,0.0,0.0,0.0,31.4,0.0,15.8,0,78,0.0,2020
Team Totals,29.5,6,,1440,.582,.547,27.3,83.7,54.5,63.3,7.3,9.0,12.6,,118.1,112.2,,2020
Klay Thompson,28,5,5,188,.706,.682,2.6,11.8,7.6,12.5,1.1,0.0,6.1,23.6,129,117,19.5,2019
Draymond Green,28,6,6,248,.542,.475,4.4,26.7,15.6,34.0,2.0,2.2,30.2,17.7,101,112,13.1,2019
Andre Iguodala,35,6,6,188,.500,.510,3.0,13.7,8.4,19.8,1.6,4.4,14.1,15.1,100,115,8.5,2019
DeMarcus Cousins,28,6,3,108,.499,.450,4.6,24.4,14.8,20.1,1.9,5.0,20.6,25.9,89,108,5.5,2019
Quinn Cook,25,6,0,88,.485,.466,0.0,6.6,3.3,9.3,0.5,1.0,6.3,15.8,92,121,2.4,2019
Kevon Looney,22,5,1,104,.563,.583,8.3,10.1,9.3,9.2,1.0,0.9,16.3,13.4,104,120,4.1,2019
Shaun Livingston,33,6,1,98,.509,.417,3.5,8.0,5.7,13.6,2.1,1.1,15.4,14.8,102,118,3.7,2019
Jonas Jerebko,31,4,0,26,.444,.393,17.3,3.6,11.2,6.0,0.0,0.0,0.0,26.1,104,126,2.1,2019
Alfonzo McKinnie,26,6,0,57,.375,.406,10.2,11.4,10.3,5.0,0.0,0.0,14.8,15.6,76,124,0.2,2019
Andrew Bogut,34,5,0,45,.750,.750,9.4,30.8,19.8,11.0,1.1,2.4,20.0,9.6,127,115,2.7,2019
Kevin Durant,30,1,1,12,.935,.900,0.0,18.3,10.0,0.0,0.0,7.6,14.5,26.8,135,110,8.2,2019
Jordan Bell,24,4,1,25,.750,.750,9.0,16.4,12.4,6.4,0.0,8.7,0.0,7.0,163,121,2.0,2019
Jacob Evans,21,3,0,2,.000,.000,0.0,0.0,0.0,0.0,0.0,0.0,0.0,70.3,0,131,-0.7,2019
Damian Jones,23,1,0,2,,,0.0,0.0,0.0,0.0,0.0,0.0,,0.0,,131,0.0,2019
Team Totals,28.6,6,,1440,.570,.525,22.0,76.5,49.6,76.8,7.1,9.7,14.3,,110.1,116.0,,2019
Pascal Siakam,24,6,6,241,.560,.531,5.8,16.2,11.1,15.7,0.6,1.6,7.8,21.3,116,113,15.8,2019
Kyle Lowry,32,6,6,229,.549,.513,1.5,11.1,6.4,28.5,2.2,1.4,14.5,20.1,112,111,13.0,2019
Fred VanVleet,24,6,0,195,.607,.571,2.3,7.4,4.8,10.3,1.7,0.0,8.0,17.0,121,114,10.3,2019
Marc Gasol,34,6,6,173,.616,.511,3.3,27.3,15.1,13.5,0.9,1.2,10.7,16.9,124,110,10.1,2019
Serge Ibaka,29,6,0,116,.610,.580,10.9,20.5,15.5,10.1,2.1,8.1,12.6,24.6,115,104,9.3,2019
Danny Green,31,6,6,163,.537,.537,4.7,9.9,7.5,5.9,2.2,1.8,16.3,13.3,94,110,5.1,2019
Norman Powell,25,6,0,66,.396,.346,0.0,11.5,5.4,9.3,1.5,0.0,12.6,10.3,84,113,1.1,2019
Patrick McCaw,23,4,0,12,.750,.750,0.0,0.0,0.0,21.1,0.0,0.0,0.0,7.6,170,122,0.9,2019
Jeremy Lin,30,1,0,1,,,0.0,0.0,0.0,0.0,0.0,0.0,,0.0,,122,0.0,2019
Jodie Meeks,31,1,0,1,,,0.0,0.0,0.0,0.0,0.0,0.0,,0.0,,122,0.0,2019
Malcolm Miller,25,1,0,1,,,0.0,0.0,0.0,0.0,0.0,0.0,,0.0,,122,0.0,2019
Team Totals,27.8,6,,1440,.581,.526,23.5,78.0,50.4,60.0,8.5,10.0,11.2,,116.0,110.1,,2019
Kevin Love,29,4,4,133,.535,.477,10.4,31.6,19.3,9.2,1.6,0.8,6.6,24.9,119,123,15.6,2018
J.R. Smith,32,4,4,130,.440,.427,3.1,9.3,5.7,5.7,2.0,0.0,6.5,15.5,99,126,5.4,2018
George Hill,31,4,4,117,.446,.435,4.2,4.5,4.4,11.2,1.3,0.9,15.1,14.7,94,127,3.4,2018
Rodney Hood,25,4,0,56,.477,.463,8.7,23.1,14.9,10.8,2.0,3.3,6.6,23.4,104,118,5.2,2018
Tristan Thompson,26,4,4,94,.513,.520,8.3,18.5,12.8,0.0,0.0,3.1,3.7,12.7,113,126,5.4,2018
Larry Nance Jr.,25,4,0,68,.494,.500,21.4,26.4,23.4,15.9,1.6,3.0,7.9,16.2,120,123,7.1,2018
Jeff Green,31,4,0,97,.364,.339,2.1,4.4,3.0,11.6,0.6,1.0,6.5,13.8,93,130,2.8,2018
Jordan Clarkson,25,2,0,25,.231,.231,4.0,16.8,9.2,6.1,4.2,3.9,13.3,26.1,54,118,0.2,2018
Kyle Korver,36,4,0,65,.165,.094,3.0,10.2,6.2,6.5,0.0,1.6,9.9,13.6,50,130,-1.2,2018
Ante Žižić,21,3,0,5,1.000,1.000,18.3,0.0,10.6,0.0,0.0,0.0,0.0,25.5,201,133,1.7,2018
José Calderón,36,3,0,8,.500,.500,12.7,36.4,22.5,66.9,7.3,0.0,0.0,22.9,123,111,1.9,2018
Cedi Osman,22,3,0,8,.400,.400,0.0,17.4,6.9,0.0,0.0,0.0,0.0,26.0,86,134,0.5,2018
Team Totals,30.8,4,,985,.496,.459,33.5,81.5,53.8,55.6,6.7,7.9,9.9,,108.5,124.6,,2018
Stephen Curry,29,4,4,162,.560,.522,2.5,12.8,8.4,25.5,2.0,1.5,10.1,32.3,111,109,20.1,2018
Klay Thompson,27,4,4,148,.613,.600,0.0,9.9,5.7,3.6,0.7,0.5,8.7,18.6,108,114,9.6,2018
Draymond Green,27,4,4,165,.593,.569,3.4,11.9,8.3,26.4,2.6,2.9,13.8,10.6,135,107,13.7,2018
JaVale McGee,30,4,3,55,.783,.800,9.6,8.9,9.2,0.0,0.0,7.3,4.7,18.6,144,110,7.1,2018
Shaun Livingston,32,4,0,65,.895,.867,2.2,14.8,9.6,14.3,0.8,0.0,5.6,13.2,174,111,7.5,2018
Jordan Bell,23,4,0,54,.691,.714,9.5,16.7,13.6,10.2,1.0,2.9,0.0,14.8,151,107,6.3,2018
Andre Iguodala,34,2,0,45,.738,.708,2.9,6.8,5.0,3.0,3.6,3.6,7.2,14.9,138,103,8.4,2018
Kevon Looney,21,4,1,39,.571,.714,14.1,5.1,8.9,2.6,1.4,0.0,0.0,11.0,132,118,2.3,2018
Zaza Pachulia,33,2,0,6,.709,.333,23.3,30.5,27.3,0.0,0.0,12.2,15.1,50.0,137,93,3.7,2018
David West,37,4,0,28,.700,.700,9.8,10.7,10.4,19.1,0.0,8.2,37.5,13.9,105,109,1.8,2018
Nick Young,32,4,0,38,.192,.192,0.0,5.0,2.9,0.0,0.0,0.0,0.0,16.3,40,117,-1.0,2018
Quinn Cook,24,2,0,4,.333,.333,0.0,0.0,0.0,0.0,0.0,0.0,0.0,39.9,69,121,0.2,2018
Patrick McCaw,22,4,0,11,1.136,,12.0,0.0,5.1,0.0,5.0,0.0,0.0,4.1,247,110,0.9,2018
Team Totals,28.5,4,,985,.623,.588,18.5,66.5,46.2,63.8,7.0,13.0,9.0,,124.6,108.5,,2018
Kyrie Irving,24,5,5,202,.558,.524,4.5,7.2,5.6,18.1,1.2,0.3,10.8,30.9,111,125,18.2,2017
Kevin Love,28,5,5,161,.528,.478,11.7,25.1,18.2,4.2,3.3,2.4,6.2,21.0,114,113,14.7,2017
J.R. Smith,31,5,5,146,.770,.784,0.6,5.6,3.1,1.8,1.0,1.3,9.5,12.3,135,125,7.9,2017
Richard Jefferson,36,5,0,83,.559,.472,6.9,8.6,7.7,2.8,0.5,1.2,13.4,15.1,111,125,3.0,2017
Tristan Thompson,25,5,5,132,.568,.545,12.0,12.8,12.2,12.4,1.0,2.2,22.1,10.1,120,122,6.8,2017
Kyle Korver,35,5,0,97,.541,.500,0.0,5.9,3.0,2.9,0.5,1.0,9.0,9.7,104,126,2.1,2017
Iman Shumpert,26,5,0,66,.421,.294,1.4,13.1,7.3,7.0,2.0,0.0,8.5,14.7,93,119,2.0,2017
Dahntay Jones,36,3,0,10,.945,.833,8.7,32.4,20.3,0.0,0.0,0.0,0.0,18.7,202,119,3.1,2017
Derrick Williams,25,3,0,10,.509,.417,0.0,10.3,5.8,10.3,0.0,0.0,0.0,28.1,108,124,1.5,2017
Deron Williams,32,5,0,61,.156,.156,1.5,11.7,6.6,11.2,1.5,0.0,23.8,14.4,40,122,-0.9,2017
Channing Frye,33,1,0,11,.200,.200,0.0,31.4,13.7,10.5,0.0,0.0,0.0,18.3,53,127,0.5,2017
James Jones,36,3,0,8,.000,.000,0.0,14.1,6.1,0.0,0.0,0.0,0.0,4.9,0,126,-0.1,2017
Team Totals,29.0,5,,1200,.568,.534,25.7,72.4,48.8,51.9,7.2,6.7,11.6,,114.6,121.3,,2017
Stephen Curry,28,5,5,189,.619,.544,7.1,16.2,11.6,36.2,2.8,0.0,14.9,27.9,126,113,24.1,2017
Klay Thompson,26,5,5,183,.561,.550,2.2,11.7,7.1,8.1,0.5,0.4,5.2,17.6,113,119,10.6,2017
Draymond Green,26,5,5,177,.446,.409,6.2,25.5,15.8,17.5,2.2,1.7,16.3,17.3,100,112,9.5,2017
Andre Iguodala,33,5,0,141,.587,.603,3.2,9.7,6.6,15.4,2.0,3.5,12.0,12.3,121,114,8.8,2017
Shaun Livingston,31,5,0,75,.563,.536,2.5,4.3,3.4,12.1,0.6,0.0,3.3,16.8,119,121,4.4,2017
David West,36,5,0,50,.587,.588,3.7,17.2,11.0,7.0,0.0,5.1,10.1,16.5,109,116,3.2,2017
Ian Clark,25,4,0,44,.563,.531,0.0,8.6,4.6,9.8,1.1,0.0,10.6,17.4,105,111,2.8,2017
Zaza Pachulia,32,5,5,66,.526,.538,14.5,7.9,11.1,3.4,1.5,0.0,34.5,14.6,82,118,1.2,2017
Patrick McCaw,21,5,0,34,.431,.318,13.1,18.5,15.8,6.9,1.4,0.0,7.3,17.0,109,117,1.9,2017
JaVale McGee,29,4,0,22,.709,.667,31.8,12.3,22.7,18.5,0.0,8.6,11.4,16.2,154,115,3.4,2017
James Michael McAdoo,24,4,0,11,.667,.667,10.5,8.4,8.5,0.0,4.5,0.0,0.0,10.8,141,105,1.0,2017
Matt Barnes,36,5,0,9,.500,.500,0.0,14.9,6.4,35.3,0.0,0.0,25.0,17.8,90,120,0.3,2017
Team Totals,28.4,5,,1200,.595,.553,27.6,74.3,51.2,68.1,7.6,7.9,11.6,,121.3,114.6,,2017
Klay Thompson,25,7,7,247,.560,.523,1.7,7.8,4.9,8.9,1.5,1.4,10.9,25.2,105,112,11.9,2016
Draymond Green,25,6,6,240,.618,.579,2.4,27.4,14.8,27.4,2.2,2.1,13.0,17.9,124,103,17.2,2016
Harrison Barnes,23,7,7,222,.431,.415,3.3,13.2,8.1,7.9,1.2,1.2,5.0,16.3,92,110,5.9,2016
Andre Iguodala,32,7,2,239,.516,.526,7.6,13.7,10.5,19.5,1.3,1.7,11.4,13.2,117,110,9.9,2016
Shaun Livingston,30,7,0,148,.567,.511,3.8,15.4,9.3,22.4,0.7,1.1,15.0,18.6,112,110,6.7,2016
Leandro Barbosa,33,6,0,79,.746,.732,3.0,5.9,4.5,12.0,2.0,0.9,8.4,20.5,136,111,6.4,2016
Andrew Bogut,31,5,5,60,.471,.471,18.0,11.5,14.5,8.3,1.7,13.9,22.7,16.8,92,98,3.3,2016
Festus Ezeli,26,7,1,61,.322,.300,12.7,11.6,12.4,7.7,0.9,1.3,8.4,17.9,81,109,0.9,2016
Marreese Speights,28,7,0,33,.371,.333,9.5,22.7,15.5,9.1,1.5,5.1,9.6,28.1,83,107,0.9,2016
Ian Clark,24,4,0,19,.813,.813,6.7,11.6,9.3,23.2,0.0,0.0,27.3,26.0,113,111,2.1,2016
Anderson Varejão,33,6,0,41,.344,.000,17.3,6.3,11.2,20.8,1.2,0.0,16.4,13.3,101,119,0.8,2016
James Michael McAdoo,23,3,0,18,1.000,1.000,0.0,27.2,12.6,9.8,0.0,0.0,0.0,4.9,209,116,1.1,2016
Brandon Rush,30,5,0,28,.129,.000,0.0,21.9,10.6,0.0,3.7,2.9,20.5,7.9,23,102,0.2,2016
Team Totals,27.4,7,,1680,.545,.512,24.2,71.6,47.6,63.5,7.1,9.8,13.0,,108.5,109.1,,2016
Kyrie Irving,23,7,7,273,.564,.516,3.4,7.9,5.7,18.4,2.9,2.0,9.7,30.9,116,109,19.1,2016
J.R. Smith,30,7,7,261,.537,.523,0.9,7.2,4.2,6.5,2.0,0.7,6.8,12.8,111,113,6.8,2016
Tristan Thompson,24,7,7,226,.629,.636,13.6,21.2,18.1,3.0,0.4,2.8,5.0,12.1,137,109,11.0,2016
Kevin Love,27,6,5,158,.468,.415,5.8,23.7,14.6,8.3,1.3,1.4,14.2,18.2,95,111,5.9,2016
Richard Jefferson,35,7,2,168,.558,.532,8.3,16.7,12.6,2.1,2.7,0.6,18.2,11.7,106,107,5.2,2016
Iman Shumpert,25,7,0,128,.432,.391,2.7,7.0,4.9,0.8,0.4,1.7,22.3,11.0,75,115,0.6,2016
Matthew Dellavedova,25,6,0,46,.370,.289,4.9,2.8,3.8,23.6,0.0,0.0,12.2,24.2,85,122,0.7,2016
Mo Williams,33,6,0,29,.375,.375,0.0,11.3,6.0,5.9,5.4,0.0,29.4,26.4,46,103,0.1,2016
Dahntay Jones,35,6,0,18,.645,.500,0.0,11.8,6.4,0.0,0.0,6.1,0.0,15.5,141,111,1.0,2016
Timofey Mozgov,29,5,0,25,.451,.333,13.5,23.0,18.4,0.0,6.1,3.2,34.0,20.8,72,97,0.7,2016
Jordan McRae,24,1,0,3,1.000,1.000,0.0,37.8,19.4,0.0,0.0,0.0,0.0,29.2,200,96,3.7,2016
Channing Frye,32,4,0,33,.258,.000,0.0,11.3,5.2,0.0,0.0,6.4,0.0,5.3,66,114,0.1,2016
James Jones,35,5,0,20,.181,.000,0.0,13.1,6.1,10.1,0.0,0.0,0.0,6.3,75,117,0.1,2016
Team Totals,28.1,7,,1680,.540,.504,28.4,75.8,52.4,47.9,10.1,11.7,12.5,,109.1,108.5,,2016
Timofey Mozgov,28,6,6,170,.631,.551,10.4,16.9,14.0,7.0,0.9,4.7,18.4,21.4,113,105,11.8,2015
J.R. Smith,29,6,0,202,.424,.409,1.0,13.1,7.1,5.5,0.8,2.3,4.7,19.0,92,109,5.1,2015
Tristan Thompson,23,6,6,247,.528,.500,14.0,20.4,17.1,1.2,0.9,2.4,8.1,11.4,118,107,11.2,2015
Matthew Dellavedova,24,6,5,191,.389,.340,2.4,6.3,4.4,14.4,2.0,0.0,20.6,17.4,77,109,2.5,2015
Iman Shumpert,24,6,6,215,.397,.349,3.0,8.8,5.8,3.4,2.7,1.8,12.5,11.7,83,107,3.8,2015
Kyrie Irving,22,1,1,44,.512,.500,4.9,14.1,9.1,27.2,5.0,4.0,4.3,25.1,115,105,21.1,2015
James Jones,34,6,0,113,.482,.421,0.0,8.1,3.8,3.3,1.9,0.9,16.2,9.7,84,109,1.0,2015
Mike Miller,34,5,0,28,.750,.750,0.0,3.7,1.9,0.0,1.9,0.0,33.3,4.9,70,112,0.2,2015
Kendrick Perkins,30,1,0,3,.347,.000,0.0,39.7,16.6,0.0,0.0,0.0,0.0,40.8,87,113,0.5,2015
Joe Harris,23,2,0,3,.568,,0.0,0.0,0.0,0.0,0.0,0.0,0.0,11.8,122,121,0.3,2015
Team Totals,27.2,6,,1490,.478,.432,27.1,76.9,51.8,48.5,8.0,9.6,11.1,,99.6,107.3,,2015
Andre Iguodala,31,6,3,222,.588,.620,2.9,14.1,8.6,18.9,1.9,0.8,6.7,18.7,117,100,13.6,2015
Klay Thompson,24,6,6,227,.509,.477,0.9,11.7,6.2,8.3,0.7,2.2,5.1,20.2,105,103,9.5,2015
Draymond Green,24,6,6,222,.500,.421,3.7,20.3,12.2,21.9,3.1,2.7,14.3,19.1,105,94,12.1,2015
Harrison Barnes,22,6,6,198,.482,.451,10.4,8.8,9.8,3.8,1.3,1.3,6.8,13.9,107,103,6.9,2015
Leandro Barbosa,32,6,0,64,.558,.519,3.2,13.9,8.6,7.5,2.4,1.4,12.6,22.9,96,100,3.4,2015
Shaun Livingston,29,6,0,120,.526,.480,4.3,13.1,9.4,16.9,0.9,1.4,17.4,13.4,107,102,4.5,2015
Festus Ezeli,25,5,0,50,.554,.467,13.9,24.0,18.5,6.2,0.0,5.2,16.8,21.7,108,102,3.4,2015
David Lee,31,4,0,39,.554,.533,4.5,21.6,13.7,29.3,1.4,0.0,4.8,25.2,117,97,4.4,2015
Andrew Bogut,30,4,3,74,.465,.444,7.6,29.8,17.7,12.3,0.7,5.8,27.1,9.5,96,95,3.5,2015
Marreese Speights,27,3,0,16,.324,.308,23.3,12.3,17.3,23.6,3.3,0.0,6.7,45.4,74,97,1.1,2015
Justin Holiday,25,1,0,2,,,0.0,0.0,0.0,0.0,0.0,0.0,,0.0,,105,0.0,2015
James Michael McAdoo,22,1,0,1,,,0.0,74.1,43.0,0.0,0.0,0.0,,0.0,,61,0.3,2015
Team Totals,26.5,6,,1490,.536,.503,23.1,72.9,48.2,63.6,8.5,8.7,11.9,,107.3,99.6,,2015
Dwyane Wade,32,5,5,172,.504,.453,2.3,12.4,7.7,13.7,2.6,0.0,19.3,27.5,89,120,7.9,2014
Chris Bosh,29,5,5,181,.627,.598,2.1,18.7,9.8,5.1,1.2,0.5,6.7,16.7,119,122,10.6,2014
Ray Allen,38,5,1,155,.556,.524,4.7,9.2,6.5,9.9,2.7,0.6,15.4,17.0,104,120,6.9,2014
Rashard Lewis,34,5,5,114,.654,.656,0.0,10.7,5.2,3.2,0.0,1.6,3.0,15.0,123,127,5.4,2014
Mario Chalmers,27,5,4,116,.441,.357,0.0,8.6,4.3,18.5,2.3,1.0,28.6,15.3,81,120,2.1,2014
Norris Cole,25,5,0,84,.385,.342,0.0,10.4,4.8,16.2,1.2,0.0,22.4,16.3,75,125,1.1,2014
Chris Andersen,35,5,0,90,.396,.250,9.3,32.7,21.4,0.0,1.2,3.5,15.5,11.1,87,115,2.2,2014
James Jones,33,4,0,14,.786,.786,0.0,21.7,10.6,0.0,0.0,0.0,0.0,26.2,164,122,1.7,2014
Michael Beasley,25,1,0,17,.541,.571,14.5,6.7,10.4,15.1,0.0,0.0,10.7,27.1,105,122,5.5,2014
Toney Douglas,27,3,0,10,.410,.375,0.0,39.9,19.1,36.1,0.0,0.0,17.0,29.5,85,123,0.7,2014
Udonis Haslem,33,4,0,22,.400,.400,11.3,11.6,11.7,0.0,0.0,4.1,0.0,11.3,99,122,0.6,2014
Shane Battier,35,4,0,33,.000,.000,0.0,5.4,2.2,4.0,1.6,0.0,33.3,4.6,21,124,-0.6,2014
Greg Oden,26,2,0,3,,,0.0,0.0,0.0,0.0,0.0,0.0,,0.0,,135,-0.2,2014
Team Totals,30.8,5,,1200,.571,.537,15.7,77.3,46.0,45.2,9.1,4.5,15.2,,104.8,120.8,,2014
Kawhi Leonard,22,5,5,167,.753,.724,6.8,18.9,12.9,9.8,2.7,3.7,13.2,20.5,136,101,15.8,2014
Tim Duncan,37,5,5,165,.608,.569,10.2,30.0,20.6,9.8,0.7,2.3,15.9,22.5,114,105,12.9,2014
Manu Ginóbili,36,5,0,143,.654,.604,0.0,14.0,7.3,24.8,1.9,0.7,17.9,23.1,118,105,10.9,2014
Patty Mills,25,5,0,76,.729,.729,2.3,10.7,6.8,19.1,1.4,0.0,2.8,23.6,139,107,8.2,2014
Danny Green,26,5,5,106,.681,.672,3.1,10.0,6.5,9.9,5.2,2.0,15.1,18.8,112,98,7.6,2014
Boris Diaw,31,5,3,176,.424,.409,7.0,26.1,16.6,22.5,1.3,0.7,18.0,12.6,108,105,8.5,2014
Tiago Splitter,29,5,2,84,.740,.706,5.7,23.1,14.3,17.6,2.0,3.5,22.3,15.8,126,103,6.4,2014
Marco Belinelli,27,5,0,59,.613,.588,0.0,13.5,6.9,7.9,0.9,0.0,13.8,18.1,105,110,2.9,2014
Aron Baynes,27,3,0,6,1.042,1.000,41.9,0.0,20.5,0.0,0.0,0.0,0.0,23.8,222,111,2.3,2014
Jeff Ayres,26,3,0,7,.906,1.000,22.4,24.6,23.8,18.5,0.0,0.0,0.0,21.4,197,107,1.9,2014
Matt Bonner,33,4,0,27,.906,1.000,0.0,15.5,8.3,24.5,2.1,0.0,0.0,5.3,205,105,2.2,2014
Cory Joseph,22,3,0,8,.333,.333,0.0,0.0,0.0,0.0,0.0,0.0,0.0,19.9,46,110,0.0,2014
Team Totals,29.2,5,,1200,.635,.604,22.7,84.3,54.0,66.5,9.1,7.1,13.9,,120.8,104.8,,2014
Tony Parker,30,7,7,246,.472,.422,1.5,4.9,3.2,33.5,1.5,0.3,11.4,25.4,103,113,11.2,2013
Kawhi Leonard,21,7,7,255,.583,.563,9.6,26.3,18.1,3.7,3.0,0.9,7.4,17.5,120,103,14.2,2013
Danny Green,25,7,7,248,.649,.632,2.7,10.9,7.1,3.7,1.5,3.6,9.6,15.8,115,108,10.2,2013
Manu Ginóbili,35,7,3,199,.560,.492,0.6,8.3,4.5,24.6,1.4,0.0,23.3,22.4,101,112,6.7,2013
Gary Neal,28,7,0,171,.552,.534,0.6,11.1,5.8,6.0,0.0,0.0,11.8,18.6,100,115,4.7,2013
Tiago Splitter,28,7,4,107,.509,.448,6.1,8.9,7.8,4.3,2.5,2.2,21.2,18.7,91,107,2.9,2013
Boris Diaw,30,6,0,94,.615,.563,6.8,12.5,9.9,17.0,0.0,0.8,20.4,12.4,116,116,3.5,2013
DeJuan Blair,23,3,0,17,.446,.455,12.6,43.0,27.3,8.9,6.3,0.0,0.0,32.6,95,95,3.3,2013
Matt Bonner,32,6,0,36,.506,.450,0.0,23.1,11.1,3.1,1.4,0.0,0.0,14.0,111,106,1.4,2013
Cory Joseph,21,6,0,43,.473,.444,7.8,8.6,8.2,21.6,2.6,0.0,30.0,18.0,85,106,1.6,2013
Patty Mills,24,2,0,13,.400,.400,0.0,8.5,4.1,0.0,0.0,0.0,0.0,17.3,93,115,0.8,2013
Nando De Colo,25,2,0,5,,,0.0,25.2,12.4,30.9,0.0,0.0,,0.0,226,118,0.5,2013
Tracy McGrady,33,2,0,14,.000,.000,0.0,33.5,15.9,44.2,0.0,5.2,0.0,9.5,98,103,1.7,2013
Team Totals,28.7,7,,1705,.546,.505,26.1,76.0,51.3,51.4,7.8,7.1,13.2,,109.3,108.5,,2013
Dwyane Wade,31,7,7,255,.505,.476,4.2,9.1,6.6,23.3,2.7,3.0,10.5,28.5,104,108,14.9,2013
Chris Bosh,28,7,7,240,.491,.462,9.8,20.6,15.5,10.3,3.0,3.9,7.6,18.5,108,104,12.1,2013
Ray Allen,37,7,0,193,.715,.674,1.2,9.5,5.0,8.6,0.3,0.0,14.8,15.2,121,116,7.1,2013
Mario Chalmers,26,7,7,221,.509,.485,0.5,10.8,5.3,9.9,1.2,0.0,19.8,19.7,87,112,4.6,2013
Shane Battier,34,7,0,87,.689,.667,2.7,12.0,7.3,10.2,0.6,1.9,0.0,15.4,141,110,4.5,2013
Mike Miller,32,7,4,152,.841,.841,1.5,14.8,7.7,5.4,1.4,1.1,8.3,7.7,131,112,4.9,2013
Chris Andersen,34,5,0,71,.714,.727,9.9,14.8,12.4,0.0,3.2,3.4,20.6,13.6,118,103,3.7,2013
Norris Cole,24,5,0,82,.328,.318,1.5,5.4,3.6,22.0,2.6,1.0,17.9,16.8,75,115,1.6,2013
Udonis Haslem,32,6,3,64,.477,.444,7.6,26.7,16.2,0.0,0.0,1.3,9.6,8.1,102,114,0.8,2013
James Jones,32,3,0,12,.600,.600,0.0,8.9,4.6,0.0,0.0,7.3,16.7,25.0,96,121,0.8,2013
Rashard Lewis,33,3,0,12,.333,.333,9.3,9.7,10.9,31.9,0.0,0.0,25.0,33.0,65,125,0.3,2013
Joel Anthony,30,4,0,15,.500,.500,31.3,22.0,26.5,0.0,0.0,0.0,0.0,6.8,146,117,1.1,2013
Team Totals,30.3,7,,1705,.545,.515,24.0,73.9,48.7,56.5,9.7,8.8,11.8,,108.5,109.3,,2013
Russell Westbrook,23,5,5,211,.500,.446,2.3,16.7,9.4,30.0,1.3,0.7,7.5,32.6,109,117,18.9,2012
James Harden,22,5,0,164,.529,.448,2.9,15.7,9.1,17.3,2.0,0.0,17.0,20.2,102,116,8.4,2012
Serge Ibaka,22,5,5,132,.462,.424,7.2,17.0,12.2,4.4,0.8,6.3,2.6,13.8,109,113,6.6,2012
Derek Fisher,37,5,0,128,.530,.519,0.9,6.9,3.8,4.9,2.2,0.0,0.0,9.7,117,119,4.2,2012
Kendrick Perkins,27,5,5,116,.489,.429,12.3,23.8,17.8,0.0,0.4,2.0,19.7,12.5,96,114,3.8,2012
Thabo Sefolosha,27,5,5,130,.388,.333,2.8,6.9,4.8,5.6,3.0,2.4,11.9,12.5,84,113,3.2,2012
Nick Collison,31,5,0,83,.567,.600,16.1,18.1,17.1,5.3,2.0,1.1,11.2,10.2,126,114,4.0,2012
Royal Ivey,30,1,0,3,1.500,1.500,0.0,0.0,0.0,0.0,0.0,0.0,0.0,28.6,300,134,5.4,2012
Cole Aldrich,23,1,0,5,1.000,1.000,0.0,28.2,12.8,0.0,0.0,0.0,0.0,9.1,200,129,2.0,2012
Daequan Cook,24,3,0,11,.258,.333,0.0,0.0,0.0,17.5,0.0,0.0,0.0,16.7,66,125,-0.1,2012
Lazar Hayward,25,1,0,5,.500,.500,0.0,56.3,25.7,0.0,0.0,0.0,0.0,18.2,101,123,1.2,2012
Team Totals,24.8,5,,1200,.539,.495,24.4,74.2,48.6,43.2,8.1,8.7,10.8,,110.6,115.1,,2012
Dwyane Wade,30,5,5,203,.516,.446,3.7,14.0,9.0,25.0,1.9,2.4,11.3,29.2,108,109,16.4,2012
Chris Bosh,27,5,4,183,.525,.468,10.4,20.9,15.8,0.9,0.9,2.8,6.7,19.5,112,109,11.9,2012
Shane Battier,33,5,5,187,.851,.855,1.3,9.5,5.6,1.6,1.2,0.0,2.9,9.0,163,114,9.3,2012
Mario Chalmers,25,5,5,183,.564,.535,0.7,7.9,4.4,17.4,2.7,0.9,17.8,14.7,108,110,8.4,2012
Mike Miller,31,5,0,44,.832,.781,2.6,20.7,12.3,6.9,1.1,1.8,0.0,19.6,161,110,5.2,2012
Norris Cole,23,4,0,44,.433,.433,0.0,10.9,5.7,0.0,0.0,0.0,6.3,17.3,80,115,0.4,2012
Udonis Haslem,31,5,1,81,.514,.400,12.2,21.4,16.7,3.0,0.0,2.1,28.3,10.5,99,113,2.1,2012
James Jones,31,4,0,43,.751,.667,3.1,14.0,8.7,0.0,1.3,0.0,21.5,10.3,121,110,1.8,2012
Terrel Harris,24,1,0,3,.852,,0.0,37.0,20.1,0.0,0.0,0.0,0.0,26.8,187,110,2.9,2012
Joel Anthony,29,1,0,2,,,0.0,0.0,0.0,0.0,0.0,0.0,,0.0,,127,0.0,2012
Juwan Howard,38,1,0,3,.000,.000,0.0,0.0,0.0,0.0,0.0,0.0,0.0,15.2,0,121,-0.7,2012
Ronny Turiaf,29,1,0,3,,,0.0,37.0,20.1,0.0,0.0,0.0,,0.0,,110,0.3,2012
Team Totals,28.4,5,,1200,.575,.518,25.8,75.6,51.4,50.6,7.5,6.4,11.4,,115.1,110.6,,2012
Chris Bosh,26,6,6,237,.496,.413,8.2,15.9,12.1,4.9,0.2,1.2,10.4,25.8,101,115,10.9,2011
LeBron James,26,6,6,262,.541,.528,2.8,19.0,10.6,28.8,2.1,1.0,19.5,22.9,102,110,13.7,2011
Mario Chalmers,24,6,1,174,.621,.574,1.5,10.3,5.9,20.4,3.2,0.0,14.9,18.8,116,110,9.8,2011
Udonis Haslem,30,6,0,176,.474,.450,5.0,17.7,11.1,3.8,1.0,1.6,10.6,13.0,98,113,4.4,2011
Mike Miller,30,6,0,94,.457,.457,3.4,19.9,11.4,8.8,3.1,0.9,14.8,14.1,87,108,2.2,2011
Mike Bibby,32,5,5,87,.475,.475,1.3,9.3,5.3,8.8,4.5,1.1,13.0,13.1,92,107,3.0,2011
Eddie House,32,2,0,25,.500,.500,0.0,20.9,10.6,7.2,4.4,0.0,10.0,19.3,91,109,2.6,2011
Juwan Howard,37,5,0,29,.589,.600,10.6,12.1,11.9,4.8,0.0,0.0,11.6,14.1,109,115,1.2,2011
Joel Anthony,28,6,6,123,.286,.286,11.3,9.1,10.1,2.6,0.5,5.2,6.7,5.9,96,112,1.9,2011
Team Totals,27.6,6,,1440,.540,.501,27.2,75.2,50.5,57.9,9.4,8.7,13.0,,107.9,110.7,,2011
Jason Terry,33,6,0,195,.605,.565,2.0,6.3,4.1,19.0,2.3,0.0,8.2,24.5,122,111,13.4,2011
Shawn Marion,32,6,6,215,.522,.479,8.4,13.7,11.2,13.4,1.3,1.7,15.1,21.3,103,109,10.0,2011
Tyson Chandler,28,6,6,224,.629,.594,13.5,16.0,14.8,3.5,1.7,2.7,6.1,10.9,138,106,11.0,2011
J.J. Barea,26,6,3,128,.456,.436,4.0,8.9,6.5,27.7,1.3,0.0,13.4,25.8,96,112,5.2,2011
Jason Kidd,37,6,6,225,.582,.556,1.2,13.8,7.6,28.6,1.8,2.0,34.7,13.4,97,109,8.0,2011
DeShawn Stevenson,29,6,3,103,.815,.813,1.3,9.0,5.3,3.9,2.1,0.8,3.7,12.7,154,108,5.8,2011
Ian Mahinmi,24,3,0,27,.625,.600,13.4,10.2,11.8,0.0,1.9,0.0,0.0,13.0,143,109,1.5,2011
Brian Cardinal,33,5,0,30,.902,1.000,0.0,3.6,1.9,4.3,1.8,0.0,43.6,11.3,83,110,0.2,2011
Brendan Haywood,31,3,0,25,.443,.333,10.5,20.5,16.1,0.0,2.3,10.1,15.1,13.0,94,96,1.6,2011
Peja Stojaković,33,4,0,26,.200,.200,0.0,14.3,7.2,0.0,4.5,0.0,28.6,13.7,25,105,-0.5,2011
Team Totals,31.5,6,,1440,.563,.513,24.8,72.8,49.5,55.1,8.4,7.5,13.5,,110.7,107.9,,2011
Kevin Garnett,33,7,7,222,.555,.511,4.6,16.4,10.9,19.5,2.6,3.2,10.2,23.9,110,103,12.3,2010
Ray Allen,34,7,7,276,.505,.433,1.5,6.7,4.2,8.2,1.0,0.0,10.6,19.9,96,111,7.3,2010
Rajon Rondo,23,7,7,272,.451,.464,7.3,12.1,9.6,38.1,2.3,0.7,15.3,22.2,98,106,12.1,2010
Glen Davis,24,7,0,144,.510,.462,12.8,17.7,15.7,3.4,2.3,1.8,13.2,17.6,103,101,5.6,2010
Rasheed Wallace,35,7,1,144,.442,.427,2.5,23.3,13.1,7.6,1.2,2.7,6.7,15.2,89,102,3.2,2010
Kendrick Perkins,25,6,6,141,.614,.571,13.9,18.8,15.7,6.8,0.4,0.0,21.9,12.4,113,110,4.9,2010
Nate Robinson,25,7,0,71,.528,.483,2.9,11.0,6.7,32.9,0.8,0.0,11.0,24.5,105,112,3.5,2010
Tony Allen,28,7,0,103,.406,.333,3.1,4.9,4.2,4.5,3.7,4.0,15.6,15.2,79,104,1.8,2010
Marquis Daniels,29,2,0,4,.868,.750,21.6,0.0,12.1,0.0,0.0,0.0,25.8,41.8,123,114,1.7,2010
Michael Finley,36,2,0,5,.000,.000,0.0,0.0,0.0,0.0,0.0,0.0,0.0,8.9,0,119,-0.4,2010
Brian Scalabrine,31,1,0,1,,,0.0,0.0,0.0,0.0,0.0,0.0,,0.0,,113,0.0,2010
Shelden Williams,26,2,0,18,.000,.000,0.0,26.0,11.8,0.0,0.0,0.0,66.7,14.9,0,103,-2.9,2010
Team Totals,29.5,7,,1680,.510,.464,25.7,67.8,47.2,59.7,8.2,7.3,13.3,,102.1,106.1,,2010
Pau Gasol,29,7,7,293,.556,.478,13.6,19.5,16.5,17.2,1.0,4.8,10.0,21.0,122,101,18.6,2010
Metta World Peace,30,7,7,251,.458,.438,5.8,9.2,7.6,6.3,2.2,1.3,12.0,17.1,96,104,6.2,2010
Derek Fisher,35,7,7,214,.522,.440,1.6,10.4,6.0,11.8,1.6,0.0,13.5,14.9,106,107,5.3,2010
Lamar Odom,30,7,0,192,.511,.500,5.8,23.1,14.3,8.9,1.2,1.7,16.2,15.3,99,100,5.6,2010
Andrew Bynum,22,7,7,175,.512,.452,10.3,13.7,12.3,0.0,0.3,3.8,10.6,15.4,108,106,5.6,2010
Shannon Brown,24,7,0,84,.492,.450,0.0,7.8,4.1,6.0,0.0,0.8,0.0,12.2,112,107,1.9,2010
Jordan Farmar,23,7,0,88,.364,.357,1.6,10.0,5.7,12.6,5.1,0.0,21.7,19.8,68,97,1.4,2010
Sasha Vujačić,25,7,0,52,.563,.500,7.9,10.4,8.2,16.1,2.2,0.0,5.1,17.5,129,103,2.5,2010
Luke Walton,29,4,0,31,.333,.333,0.0,7.7,3.9,14.2,0.0,5.2,40.0,7.7,61,102,0.3,2010
D.J. Mbenga,29,1,0,3,.000,.000,0.0,34.9,19.5,0.0,0.0,0.0,0.0,17.7,0,76,-0.8,2010
Josh Powell,27,2,0,8,.000,.000,0.0,11.4,6.4,0.0,0.0,0.0,0.0,11.6,0,88,-0.6,2010
Team Totals,28.5,7,,1680,.510,.450,32.2,74.3,52.8,45.7,8.5,10.1,12.3,,106.1,102.1,,2010
Rashard Lewis,29,5,5,212,.546,.514,5.6,16.7,11.6,19.6,1.0,0.0,11.1,20.8,108,113,12.7,2009
Dwight Howard,23,5,5,213,.562,.488,11.5,33.8,23.4,9.8,2.1,7.3,22.6,20.5,100,100,15.6,2009
Rafer Alston,32,5,5,147,.432,.395,0.8,8.1,4.7,19.0,1.5,0.0,11.5,23.3,87,115,5.4,2009
Mickaël Piétrus,26,5,0,140,.574,.525,2.3,7.0,4.6,2.3,1.2,0.6,6.1,17.6,113,115,6.2,2009
Courtney Lee,23,5,5,88,.430,.406,2.5,7.0,4.7,2.2,1.9,0.0,8.2,20.5,83,116,1.9,2009
JJ Redick,24,4,0,65,.538,.525,2.0,2.1,2.1,26.5,0.9,0.0,8.9,16.6,110,113,3.8,2009
Jameer Nelson,26,5,0,90,.384,.370,1.6,7.5,4.6,31.9,0.6,0.0,22.0,17.3,79,116,2.1,2009
Marcin Gortat,24,5,0,53,.477,.467,4.2,23.4,13.8,0.0,2.1,6.0,15.2,18.0,80,104,2.5,2009
Tony Battie,32,5,0,35,.455,.455,3.4,10.2,6.7,8.6,0.0,4.2,8.3,17.1,90,114,1.1,2009
Team Totals,26.7,5,,1250,.522,.479,20.2,74.3,48.5,57.1,6.6,9.1,13.8,,100.5,110.8,,2009
Pau Gasol,28,5,5,212,.647,.600,5.4,22.3,13.5,8.8,1.0,3.9,6.5,17.5,132,99,17.6,2009
Lamar Odom,29,5,0,169,.609,.583,7.1,20.3,13.7,4.2,1.6,3.0,14.1,18.2,115,98,10.3,2009
Trevor Ariza,23,5,5,188,.455,.446,6.0,16.8,10.9,6.5,2.6,0.5,7.6,16.9,99,101,7.7,2009
Derek Fisher,34,5,5,179,.616,.583,2.0,9.5,5.4,8.0,1.8,0.0,6.3,12.9,127,103,8.5,2009
Andrew Bynum,21,5,5,95,.406,.364,12.2,15.1,13.5,5.2,1.2,3.2,7.5,20.1,97,101,3.1,2009
Luke Walton,28,5,0,76,.752,.800,4.6,13.1,8.6,9.4,0.7,0.0,13.7,9.1,141,103,3.4,2009
Jordan Farmar,22,5,0,57,.428,.395,4.8,11.3,7.4,4.7,1.9,0.0,13.1,19.1,83,105,1.6,2009
Josh Powell,26,2,0,11,.625,.625,19.1,17.6,18.3,15.5,0.0,0.0,33.3,26.6,94,93,1.5,2009
Shannon Brown,23,3,0,16,.000,.000,6.7,0.0,3.2,0.0,0.0,0.0,0.0,5.9,38,104,-0.4,2009
D.J. Mbenga,28,3,0,6,.000,.000,0.0,16.4,8.5,0.0,0.0,17.1,50.0,15.6,0,85,-0.2,2009
Sasha Vujačić,24,5,0,22,.000,.000,0.0,10.3,5.4,11.7,0.0,0.0,14.3,15.4,16,104,-0.9,2009
Team Totals,27.4,5,,1250,.536,.495,25.7,79.8,51.5,43.2,7.9,10.0,9.6,,110.8,100.5,,2009
Pau Gasol,27,6,6,234,.572,.532,6.3,25.3,15.8,15.3,0.7,1.1,14.5,18.3,111,111,12.4,2008
Lamar Odom,28,6,6,220,.560,.525,6.5,22.8,14.9,15.5,0.5,2.4,18.1,19.1,102,113,10.3,2008
Derek Fisher,33,6,6,187,.571,.440,1.4,4.5,2.8,17.8,2.6,0.0,13.6,16.7,113,114,8.3,2008
Sasha Vujačić,23,6,0,132,.509,.478,2.8,7.8,5.3,7.7,1.2,0.6,9.2,19.5,96,114,4.3,2008
Vladimir Radmanović,27,6,6,128,.525,.512,5.6,22.8,14.2,10.6,1.7,0.0,8.7,17.0,107,114,4.9,2008
Jordan Farmar,21,6,0,115,.641,.629,1.1,10.0,5.6,13.3,0.9,2.2,13.2,15.5,115,116,5.3,2008
Luke Walton,27,6,0,66,.422,.375,3.5,7.1,5.3,19.0,0.8,1.1,14.5,15.1,90,118,1.1,2008
Trevor Ariza,22,5,0,35,.604,.611,9.3,21.3,15.5,7.1,1.5,2.7,8.5,16.2,108,113,2.2,2008
Ronny Turiaf,25,6,0,62,.468,.500,0.0,8.3,3.9,0.0,0.0,3.9,7.8,9.9,78,115,0.3,2008
Chris Mihm,28,1,0,3,.000,.000,0.0,0.0,0.0,0.0,0.0,0.0,50.0,31.6,0,113,-2.5,2008
Team Totals,27.2,6,,1440,.537,.489,20.7,72.8,46.8,58.6,7.6,5.5,13.4,,103.9,113.1,,2008
Ray Allen,32,6,6,246,.708,.658,3.8,10.5,7.3,11.1,1.7,1.4,11.3,18.2,129,106,16.7,2008
Kevin Garnett,31,6,6,228,.470,.429,11.7,30.1,20.9,15.5,2.3,2.4,12.1,26.8,99,99,14.6,2008
Rajon Rondo,21,6,6,162,.432,.377,5.0,12.3,8.8,40.1,2.9,1.6,12.2,20.7,107,103,9.5,2008
James Posey,31,6,0,151,.781,.714,2.2,16.4,9.1,2.9,2.8,0.9,13.1,11.9,130,102,7.6,2008
Leon Powe,24,6,1,53,.633,.550,15.9,27.3,21.6,0.0,0.0,0.0,6.4,27.6,126,108,4.4,2008
Eddie House,29,4,0,74,.522,.482,0.0,16.1,7.9,21.7,0.7,0.0,6.1,20.3,115,106,5.9,2008
P.J. Brown,38,6,0,117,.452,.391,5.4,14.5,9.9,4.8,1.4,2.5,7.0,11.3,101,105,2.8,2008
Kendrick Perkins,23,5,5,92,.601,.571,10.6,13.0,11.7,4.2,1.8,5.1,26.5,11.4,100,101,2.9,2008
Sam Cassell,38,5,0,51,.389,.375,0.0,2.6,1.2,25.3,2.1,0.0,7.6,23.9,84,108,1.7,2008
Tony Allen,26,3,0,19,.667,.667,0.0,5.7,3.1,19.9,2.6,0.0,0.0,13.9,144,106,2.7,2008
Glen Davis,22,1,0,15,.521,.500,16.1,18.3,17.1,0.0,0.0,0.0,0.0,8.6,142,107,2.8,2008
Team Totals,28.3,6,,1440,.559,.500,27.2,79.3,53.2,67.0,9.6,7.4,12.3,,113.1,103.9,,2008
Drew Gooden,25,4,4,110,.537,.500,11.2,23.0,16.7,2.0,0.6,1.7,9.5,23.5,108,102,9.0,2007
Daniel Gibson,20,4,2,139,.519,.512,0.7,5.2,2.8,15.2,2.6,0.0,0.0,14.6,119,105,8.5,2007
Sasha Pavlović,23,4,4,127,.418,.420,3.5,5.9,4.7,4.9,0.9,0.0,9.7,20.2,85,108,3.2,2007
Zydrunas Ilgauskas,31,4,4,103,.391,.351,17.9,26.9,22.2,3.4,1.2,3.6,9.2,20.8,91,98,6.9,2007
Anderson Varejão,24,4,0,98,.681,.667,6.9,18.2,12.1,5.2,2.9,2.0,8.3,12.4,135,101,7.9,2007
Damon Jones,30,4,0,65,.731,.682,1.6,7.3,4.2,11.1,0.0,0.0,0.0,9.0,158,110,4.1,2007
Donyell Marshall,33,4,0,61,.422,.375,3.4,14.0,8.4,13.5,2.8,0.0,10.1,16.0,94,104,2.6,2007
Eric Snow,33,4,0,41,.425,.400,2.5,8.7,5.4,37.1,1.5,2.4,14.5,8.0,111,103,2.5,2007
Larry Hughes,28,2,2,44,.100,.100,0.0,14.5,6.9,6.7,1.3,0.0,16.7,13.6,28,114,-2.0,2007
Shannon Brown,21,1,0,0,,,0.0,0.0,0.0,0.0,0.0,0.0,,0.0,,106,0.0,2007
Ira Newble,32,1,0,1,.000,.000,0.0,100.0,59.5,0.0,0.0,0.0,0.0,50.0,0,85,-0.4,2007
Scot Pollard,31,1,0,1,,,0.0,0.0,0.0,0.0,0.0,0.0,,0.0,,126,0.0,2007
Team Totals,26.7,4,,960,.464,.430,27.1,72.8,48.4,53.2,7.5,5.2,11.3,,97.2,104.4,,2007
Tim Duncan,30,4,4,149,.483,.446,13.1,21.6,17.7,20.7,2.0,5.0,12.7,29.3,102,91,15.3,2007
Manu Ginóbili,29,4,0,117,.571,.469,1.0,20.5,11.4,17.2,2.4,0.0,12.6,30.5,110,94,11.6,2007
Bruce Bowen,35,4,4,167,.417,.426,2.2,11.7,7.3,5.2,0.7,0.5,9.4,9.6,87,100,3.8,2007
Fabricio Oberto,31,4,4,83,.464,.471,10.3,12.7,11.6,3.4,0.7,0.0,17.9,13.7,90,100,2.4,2007
Francisco Elson,30,4,0,46,.976,1.000,16.5,10.3,13.1,0.0,1.2,0.0,26.8,12.3,144,102,3.8,2007
Michael Finley,33,4,4,74,.308,.283,1.6,10.4,6.3,6.8,3.9,0.0,7.6,18.0,72,94,1.8,2007
Brent Barry,35,4,0,42,.545,.545,2.8,12.0,7.7,7.3,1.4,0.0,21.4,16.9,86,99,1.6,2007
Robert Horry,36,4,0,88,.558,.500,5.3,16.3,11.2,22.6,0.7,4.4,31.7,8.9,111,96,4.8,2007
Jacque Vaughn,31,4,0,41,.571,.571,3.3,10.1,7.0,16.2,0.0,0.0,0.0,8.6,141,104,2.2,2007
Beno Udrih,24,2,0,1,,,0.0,0.0,0.0,0.0,0.0,0.0,,0.0,,114,0.0,2007
Team Totals,30.8,4,,960,.527,.495,27.2,72.9,51.6,52.3,7.2,6.3,13.7,,104.4,97.2,,2007
Jason Terry,28,6,6,240,.552,.535,0.6,6.0,3.3,16.5,2.4,0.0,11.1,26.3,105,103,13.9,2006
Josh Howard,25,6,6,231,.481,.419,5.2,19.5,12.0,8.7,1.5,1.5,14.1,21.8,93,99,8.9,2006
Jerry Stackhouse,31,5,0,150,.469,.411,3.3,8.5,6.2,22.0,1.3,1.8,13.9,24.5,91,101,7.5,2006
Devin Harris,22,6,3,147,.431,.364,1.7,1.7,1.8,21.2,1.8,0.0,17.7,19.9,87,105,3.0,2006
Erick Dampier,30,6,0,148,.679,.722,12.7,26.3,19.3,2.4,2.1,2.4,24.2,10.6,116,95,6.3,2006
Adrian Griffin,31,6,3,82,.563,.563,10.7,16.6,13.6,10.6,3.2,0.0,15.8,11.0,112,98,3.3,2006
Marquis Daniels,25,6,0,53,.644,.591,3.1,2.0,2.9,25.9,0.0,0.0,23.3,14.7,115,108,2.0,2006
DeSagana Diop,24,6,6,94,.525,.500,6.6,18.4,12.4,1.6,1.2,4.5,24.0,6.2,100,97,1.2,2006
Keith Van Horn,30,5,0,39,.318,.318,3.7,14.7,9.0,0.0,0.0,0.0,21.4,17.0,45,103,-0.5,2006
Darrell Armstrong,37,1,0,6,.000,.000,0.0,24.8,9.1,0.0,0.0,0.0,0.0,14.8,0,111,-1.1,2006
D.J. Mbenga,25,2,0,9,,,0.0,46.8,23.7,0.0,0.0,0.0,100.0,5.6,0,103,-0.9,2006
Josh Powell,23,1,0,4,.000,.000,24.9,0.0,15.7,0.0,0.0,0.0,0.0,12.7,48,109,-0.8,2006
Team Totals,27.2,6,,1465,.513,.457,23.4,75.1,48.8,48.0,8.0,6.0,13.9,,99.9,101.0,,2006
Antoine Walker,29,6,6,219,.456,.448,1.9,14.8,8.2,11.3,0.9,1.1,11.7,21.9,90,102,7.0,2006
Shaquille O'Neal,33,6,6,211,.532,.607,8.5,24.9,16.7,15.2,0.8,1.9,19.8,21.5,95,99,9.6,2006
Jason Williams,30,6,6,188,.483,.460,0.0,6.9,3.4,25.2,0.9,0.0,12.7,15.7,103,105,6.3,2006
James Posey,29,6,0,177,.599,.548,4.2,18.8,11.8,2.1,1.8,0.0,16.0,11.7,108,100,5.2,2006
Udonis Haslem,25,6,6,175,.483,.500,10.7,12.5,11.6,1.9,2.0,0.0,25.7,14.1,83,101,3.4,2006
Alonzo Mourning,35,6,0,66,.711,.692,7.2,23.7,15.8,0.0,1.6,10.4,18.0,15.6,119,89,4.2,2006
Gary Payton,37,6,0,134,.394,.395,2.3,8.1,5.2,14.9,2.4,0.0,22.8,9.3,81,103,2.1,2006
Shandon Anderson,32,4,0,31,.387,.333,9.5,16.4,13.5,17.1,0.0,0.0,34.0,18.5,73,95,0.6,2006
Michael Doleac,28,1,0,1,,,0.0,0.0,0.0,0.0,0.0,0.0,,0.0,,93,0.0,2006
Jason Kapono,24,1,0,2,,,0.0,0.0,0.0,0.0,0.0,0.0,,0.0,,93,0.0,2006
Team Totals,29.7,6,,1465,.527,.494,24.9,76.6,51.2,50.0,8.5,6.5,15.4,,101.0,99.9,,2006
Richard Hamilton,26,7,7,295,.425,.390,3.4,11.8,7.4,10.5,0.8,0.3,9.2,25.7,91,109,7.7,2005
Rasheed Wallace,30,7,7,227,.465,.469,6.2,13.8,9.9,10.4,3.6,6.3,7.9,19.2,102,98,9.4,2005
Ben Wallace,30,7,7,280,.558,.569,10.9,19.9,15.2,4.3,2.5,6.8,9.4,13.1,116,98,13.2,2005
Antonio McDyess,30,7,0,156,.515,.508,13.5,26.7,19.7,10.0,2.3,4.7,12.7,25.5,102,97,8.2,2005
Tayshaun Prince,24,7,7,273,.432,.388,5.0,10.0,7.3,10.8,2.2,1.5,8.9,16.4,98,106,7.9,2005
Lindsey Hunter,34,7,0,137,.428,.381,4.0,7.3,5.6,22.7,3.8,0.7,8.1,17.8,101,103,4.9,2005
Carlos Arroyo,25,5,0,31,.506,.500,0.0,4.1,1.8,16.4,1.9,0.0,15.5,20.4,94,109,1.2,2005
Darvin Ham,31,5,0,8,.500,.500,29.0,0.0,16.6,0.0,0.0,0.0,0.0,11.5,146,112,0.5,2005
Darko Miličić,19,3,0,7,.333,.333,0.0,34.8,18.4,0.0,0.0,0.0,0.0,22.7,57,99,0.3,2005
Elden Campbell,36,1,0,1,,,0.0,0.0,0.0,100.0,0.0,0.0,,0.0,206,116,0.7,2005
Ronald Dupree,24,5,0,9,.000,.000,0.0,0.0,0.0,0.0,0.0,0.0,0.0,12.4,0,115,-0.3,2005
Team Totals,28.0,7,,1705,.484,.450,31.8,69.0,49.6,52.4,11.0,14.1,8.9,,105.7,103.4,,2005
Manu Ginóbili,27,7,7,252,.636,.565,3.8,14.7,9.5,24.0,2.1,0.2,18.2,25.1,117,104,14.1,2005
Tony Parker,22,7,7,265,.471,.469,0.9,6.2,3.7,19.8,0.4,0.2,17.6,23.4,89,111,5.4,2005
Robert Horry,34,7,0,204,.611,.583,7.8,11.8,10.1,14.4,2.1,1.7,11.7,17.3,124,104,9.5,2005
Bruce Bowen,33,7,7,271,.522,.510,0.4,7.8,4.2,9.4,0.9,1.2,17.3,11.8,96,109,4.1,2005
Nazr Mohammed,27,7,7,158,.488,.433,15.6,15.9,15.7,0.0,0.7,2.6,12.6,12.6,108,104,4.7,2005
Brent Barry,33,7,0,142,.548,.519,2.4,9.7,6.3,13.9,1.7,1.1,21.5,13.0,100,107,3.1,2005
Beno Udrih,22,5,0,46,.505,.455,5.7,7.1,6.5,16.2,1.3,0.0,40.2,23.2,68,107,0.6,2005
Devin Brown,26,6,0,35,.391,.318,2.9,15.9,9.6,16.5,0.0,0.0,6.6,21.3,89,112,1.0,2005
Rasho Nesterović,28,4,0,25,.347,.500,15.9,22.0,18.8,7.9,0.0,2.3,25.8,7.4,92,111,0.9,2005
Glenn Robinson,32,3,0,14,.200,.200,0.0,23.7,12.7,0.0,0.0,15.0,16.7,20.8,36,87,0.3,2005
Tony Massenburg,37,3,0,9,.000,.000,0.0,35.7,18.4,0.0,0.0,0.0,0.0,17.6,0,108,-0.5,2005
Team Totals,28.4,7,,1705,.518,.480,31.0,68.2,50.4,53.2,5.6,7.9,15.5,,103.4,105.7,,2005
Kobe Bryant,25,5,5,231,.456,.398,1.0,6.1,3.7,21.2,2.3,1.1,12.7,30.4,90,108,11.6,2004
Derek Fisher,29,5,0,101,.409,.389,5.9,11.3,8.8,16.9,2.9,0.0,9.3,21.2,86,105,3.5,2004
Devean George,26,5,5,106,.487,.482,3.2,12.8,7.9,5.2,2.7,1.5,6.3,15.1,98,105,3.7,2004
Gary Payton,35,5,5,167,.364,.357,4.2,6.1,5.2,22.8,2.1,0.9,19.5,10.6,86,108,4.1,2004
Karl Malone,40,4,4,125,.375,.333,8.3,21.4,14.7,13.2,0.5,0.7,13.1,12.6,90,104,4.6,2004
Stanislav Medvedenko,24,5,1,71,.439,.353,9.6,18.3,14.1,8.1,0.0,1.1,8.9,15.5,98,108,2.3,2004
Kareem Rush,23,5,0,76,.409,.409,0.0,8.0,4.0,4.1,0.8,0.0,18.5,17.4,66,113,0.1,2004
Luke Walton,23,4,0,79,.468,.423,4.8,13.0,9.1,39.0,4.4,2.0,33.5,13.2,90,99,4.4,2004
Rick Fox,34,3,0,29,.571,.571,0.0,11.8,5.7,37.8,0.0,0.0,12.5,13.0,108,111,2.4,2004
Brian Cook,23,3,0,21,.291,.167,15.5,24.7,20.5,0.0,2.7,0.0,22.5,21.3,62,104,0.4,2004
Bryon Russell,33,3,0,7,.000,.000,14.9,0.0,7.6,0.0,0.0,0.0,0.0,13.1,34,125,-0.4,2004
Team Totals,29.2,5,,1225,.477,.445,25.0,65.4,45.2,65.2,8.5,4.7,13.3,,96.1,106.7,,2004
Chauncey Billups,27,5,5,194,.696,.579,1.9,7.9,5.0,27.8,1.8,0.0,14.7,22.5,133,100,17.9,2004
Rasheed Wallace,29,5,5,153,.533,.481,5.5,25.3,15.4,10.5,0.8,4.6,6.2,21.1,114,93,10.3,2004
Ben Wallace,29,5,5,205,.443,.478,10.7,28.6,19.6,6.3,2.5,2.0,9.0,16.0,98,90,10.9,2004
Tayshaun Prince,23,5,5,198,.425,.417,8.9,11.1,10.2,10.0,2.6,0.8,3.3,14.9,107,96,9.2,2004
Corliss Williamson,30,5,0,53,.541,.400,9.2,17.9,13.5,4.4,0.0,0.0,17.1,21.6,106,99,2.3,2004
Lindsey Hunter,33,5,0,64,.458,.353,1.6,10.8,6.2,12.3,2.6,3.3,4.8,15.8,111,93,2.5,2004
Elden Campbell,35,5,0,68,.417,.375,10.1,12.3,11.3,22.5,4.2,3.5,12.8,17.0,97,89,3.4,2004
Mehmet Okur,24,4,0,38,.511,.500,2.7,16.6,9.0,9.4,0.0,0.0,27.1,18.4,69,105,0.6,2004
Mike James,28,5,0,17,.500,.500,10.5,9.6,10.5,28.4,0.0,0.0,20.0,11.4,110,103,1.0,2004
Darvin Ham,30,4,0,7,1.000,1.000,15.4,0.0,8.6,0.0,0.0,0.0,50.0,11.9,83,99,0.1,2004
Darko Miličić,18,3,0,4,.000,.000,28.8,25.5,26.3,0.0,14.5,0.0,25.8,44.1,15,73,-0.4,2004
Team Totals,27.2,5,,1225,.514,.458,34.6,75.0,54.8,56.7,9.2,6.9,12.5,,106.7,96.1,,2004
Kenyon Martin,25,6,6,224,.381,.343,6.7,24.4,14.4,12.3,2.4,4.8,16.0,27.8,74,93,7.5,2003
Richard Jefferson,22,6,6,230,.478,.417,3.5,15.8,9.2,10.0,1.9,0.6,14.5,19.2,93,100,8.2,2003
Kerry Kittles,28,6,6,188,.481,.434,3.3,12.0,7.2,8.4,3.2,1.3,4.2,17.1,107,98,8.7,2003
Lucious Harris,32,6,0,124,.440,.333,5.7,8.8,7.0,9.6,0.9,0.0,11.9,18.3,94,106,3.8,2003
Rodney Rogers,31,6,0,74,.416,.371,5.7,10.2,7.8,7.4,0.0,0.0,12.9,23.8,84,107,1.1,2003
Aaron Williams,31,5,0,72,.474,.423,13.9,17.2,15.7,12.7,0.7,7.0,3.3,19.5,114,97,5.0,2003
Jason Collins,24,6,6,152,.433,.333,10.2,10.6,10.3,6.2,1.5,1.6,16.4,9.2,98,104,3.2,2003
Dikembe Mutombo,36,6,0,82,.595,.500,8.5,15.1,11.4,0.0,2.1,7.4,29.8,9.3,95,95,2.5,2003
Anthony Johnson,28,5,0,28,.611,.611,0.0,4.5,2.0,4.7,1.9,0.0,25.0,19.6,69,103,1.0,2003
Brian Scalabrine,24,1,0,1,,,0.0,100.0,53.3,0.0,0.0,0.0,,0.0,,70,0.3,2003
Tamar Slay,22,1,0,1,,,0.0,0.0,0.0,0.0,0.0,0.0,,0.0,,105,0.0,2003
Team Totals,27.4,6,,1440,.446,.393,30.0,69.5,48.1,54.9,8.9,10.2,13.0,,93.3,100.0,,2003
Tony Parker,20,6,6,212,.451,.422,1.2,8.1,4.9,24.0,0.5,0.3,10.6,23.2,96,101,7.9,2003
David Robinson,37,6,6,160,.661,.611,11.0,17.6,14.7,5.0,2.4,4.8,5.7,15.2,137,90,11.9,2003
Stephen Jackson,24,6,6,213,.468,.459,2.0,10.1,6.6,12.8,1.8,0.6,28.2,20.3,74,97,3.7,2003
Manu Ginóbili,25,6,0,171,.471,.380,6.4,10.2,8.6,12.3,4.2,1.3,15.3,17.7,98,92,7.1,2003
Malik Rose,28,6,0,127,.494,.442,9.6,10.1,9.7,5.7,1.3,1.7,19.1,21.3,92,97,4.3,2003
Speedy Claxton,24,6,0,76,.611,.560,1.1,6.7,4.1,24.5,3.0,4.0,11.7,21.2,116,92,5.2,2003
Bruce Bowen,31,6,6,172,.324,.300,1.3,10.2,5.9,4.7,1.3,0.8,11.5,9.5,69,98,1.3,2003
Steve Kerr,37,4,0,19,.820,.875,7.6,0.0,3.1,6.9,2.9,0.0,0.0,12.8,170,97,1.9,2003
Kevin Willis,40,5,0,23,.405,.333,31.2,9.0,20.7,0.0,0.0,3.2,23.3,26.7,81,98,0.9,2003
Danny Ferry,36,3,0,2,,,0.0,0.0,0.0,0.0,0.0,0.0,,0.0,,103,0.0,2003
Steve Smith,33,1,0,1,.000,.000,0.0,0.0,0.0,0.0,0.0,0.0,0.0,46.2,0,95,-0.7,2003
Team Totals,27.8,6,,1440,.507,.459,30.5,70.0,51.9,56.5,8.9,14.4,15.4,,100.0,93.3,,2003
Jason Kidd,28,4,4,167,.489,.475,6.6,14.2,9.8,39.1,2.8,1.6,12.4,25.2,108,115,19.0,2002
Kerry Kittles,27,4,4,106,.539,.512,4.0,5.7,4.7,17.8,2.9,1.5,6.1,20.4,117,117,9.9,2002
Keith Van Horn,26,4,4,122,.459,.443,5.2,18.8,11.0,10.4,0.9,0.8,9.9,18.3,99,118,6.3,2002
Lucious Harris,31,4,0,91,.426,.359,5.2,9.7,7.2,12.6,2.3,0.0,0.0,17.5,105,119,6.2,2002
Todd MacCulloch,26,4,4,73,.504,.500,15.2,14.8,14.9,3.6,2.2,4.6,14.4,20.6,100,114,5.7,2002
Richard Jefferson,21,4,0,97,.522,.524,1.8,22.4,10.6,8.6,2.1,0.0,10.4,13.1,103,116,5.6,2002
Jason Collins,23,4,0,76,.629,.500,7.2,9.7,8.2,2.2,0.7,2.3,18.2,9.8,110,121,2.3,2002
Aaron Williams,30,4,0,46,.415,.375,8.0,13.5,10.4,3.3,3.4,3.3,0.0,15.9,107,111,2.3,2002
Anthony Johnson,27,4,0,21,.363,.333,4.1,6.4,5.0,3.5,0.0,0.0,0.0,14.0,94,124,0.7,2002
Donny Marshall,29,2,0,2,.000,.000,0.0,0.0,0.0,0.0,0.0,0.0,0.0,26.1,0,132,-0.4,2002
Brian Scalabrine,23,1,0,1,,,0.0,0.0,0.0,0.0,0.0,0.0,,0.0,,130,0.0,2002
Team Totals,26.2,4,,960,.491,.462,31.1,69.1,47.0,55.5,10.5,7.9,10.3,,106.5,116.6,,2002
Kobe Bryant,23,4,4,174,.623,.557,2.4,11.7,7.8,21.5,1.8,1.2,14.9,26.9,119,107,20.3,2002
Derek Fisher,27,4,4,132,.651,.636,2.1,9.5,6.3,17.9,0.4,0.0,15.2,16.4,124,113,9.6,2002
Rick Fox,32,4,4,146,.690,.630,5.0,13.2,9.8,14.3,2.2,1.0,28.0,12.7,113,105,9.4,2002
Robert Horry,31,4,4,158,.601,.563,5.1,14.7,10.6,15.5,3.7,3.0,18.4,9.6,124,102,11.7,2002
Devean George,24,4,0,72,.535,.500,9.8,21.8,16.6,0.0,0.7,1.9,7.6,17.2,110,107,4.8,2002
Brian Shaw,35,4,0,65,.333,.333,5.8,6.2,6.1,23.5,0.8,2.1,8.7,16.7,91,110,2.7,2002
Samaki Walker,25,4,0,24,.410,.250,14.4,18.6,16.8,0.0,0.0,2.5,38.1,15.0,68,104,0.2,2002
Lindsey Hunter,31,3,0,12,.200,.200,10.1,0.0,4.4,0.0,0.0,0.0,0.0,19.9,61,112,-0.7,2002
Stanislav Medvedenko,22,2,0,9,1.000,1.000,12.6,0.0,5.4,0.0,0.0,0.0,0.0,4.8,200,115,0.6,2002
Mitch Richmond,36,1,0,1,1.000,1.000,0.0,0.0,0.0,0.0,0.0,0.0,0.0,49.9,200,128,1.7,2002
Mark Madsen,26,1,0,2,,,0.0,0.0,0.0,0.0,0.0,0.0,,0.0,,107,0.0,2002
Team Totals,27.8,4,,960,.604,.555,30.9,68.9,53.0,63.0,7.7,9.5,14.6,,116.6,106.5,,2002
Dikembe Mutombo,34,5,5,208,.632,.600,10.8,22.4,16.5,1.6,0.5,4.0,7.0,15.6,130,108,15.7,2001
Eric Snow,27,5,1,166,.481,.407,6.6,7.8,7.5,30.4,2.6,0.5,17.6,21.9,101,112,10.5,2001
Aaron McKie,28,5,5,206,.385,.354,3.7,11.0,7.3,22.5,1.5,1.0,21.2,14.5,84,111,6.6,2001
Tyrone Hill,32,5,5,141,.446,.394,5.3,20.7,12.8,2.6,0.0,3.2,11.9,13.5,92,109,3.8,2001
Matt Geiger,31,5,0,53,.689,.667,3.4,6.5,5.0,6.5,1.0,0.0,13.7,18.7,116,113,2.4,2001
Raja Bell,24,5,0,79,.374,.308,2.9,10.2,6.5,7.9,6.7,0.0,18.7,12.3,74,99,2.4,2001
Todd MacCulloch,25,5,0,31,.472,.417,15.5,7.2,11.7,0.0,0.0,0.0,12.7,23.1,97,115,1.3,2001
Jumaine Jones,21,5,4,61,.500,.500,3.4,14.4,8.5,2.3,0.9,2.4,16.7,9.0,88,110,1.5,2001
Kevin Ollie,28,5,0,14,.579,.333,8.5,0.0,5.0,10.4,0.0,0.0,0.0,14.4,140,123,0.9,2001
Rodney Buford,23,3,0,12,.167,.167,17.0,35.8,26.0,0.0,0.0,0.0,14.3,25.6,49,114,-0.3,2001
George Lynch,30,2,0,13,.333,.333,12.8,24.4,19.0,10.4,7.8,0.0,0.0,9.2,111,100,2.1,2001
Team Totals,27.9,5,,1225,.491,.445,29.3,68.8,48.6,52.0,8.5,7.6,11.5,,102.6,110.0,,2001
Kobe Bryant,22,5,5,234,.501,.429,2.4,15.5,9.1,22.2,1.6,2.1,12.8,27.8,104,103,17.2,2001
Derek Fisher,26,5,5,156,.588,.564,0.8,3.2,2.1,10.5,2.7,0.4,12.6,14.0,110,105,6.4,2001
Rick Fox,31,5,5,165,.617,.544,2.0,13.4,7.7,18.8,2.0,0.8,26.1,15.0,105,104,8.0,2001
Robert Horry,30,5,0,127,.760,.720,8.8,12.4,10.8,7.9,1.7,3.8,6.7,10.8,153,102,9.2,2001
Horace Grant,35,5,5,124,.346,.294,11.1,14.3,12.7,3.6,0.9,3.9,5.1,14.7,93,104,4.4,2001
Tyronn Lue,23,5,0,74,.750,.750,1.7,4.8,3.1,15.1,5.2,1.0,29.4,10.9,109,101,3.8,2001
Brian Shaw,34,5,0,93,.405,.375,3.7,15.4,9.8,22.3,2.3,0.0,24.0,14.3,85,102,2.7,2001
Ron Harper,37,3,0,25,.697,.688,0.0,23.3,11.6,22.2,2.2,2.7,0.0,17.4,151,95,4.5,2001
Mark Madsen,25,2,0,2,.000,.000,56.5,0.0,28.9,0.0,0.0,32.6,0.0,23.1,69,90,0.4,2001
Team Totals,29.4,5,,1225,.550,.512,31.2,70.7,51.4,63.5,9.0,12.3,13.9,,110.0,102.6,,2001
Jalen Rose,27,6,6,260,.562,.505,0.8,10.6,6.2,12.3,1.0,0.6,12.2,25.6,106,114,14.0,2000
Austin Croshere,24,6,0,145,.713,.591,6.6,20.8,14.7,5.3,0.7,3.0,9.9,23.0,138,109,12.8,2000
Rik Smits,33,6,6,115,.495,.466,9.3,15.5,12.5,4.2,1.4,4.2,11.7,28.4,92,109,5.2,2000
Mark Jackson,34,6,6,187,.551,.500,2.6,16.8,9.8,39.5,1.4,0.0,17.3,16.3,119,113,10.7,2000
Dale Davis,30,6,6,177,.580,.575,13.5,25.6,20.2,6.0,0.6,2.4,0.0,12.0,137,110,9.3,2000
Sam Perkins,38,6,0,132,.585,.569,1.4,19.1,11.0,7.0,1.2,0.0,11.5,12.7,107,109,3.8,2000
Travis Best,27,6,0,98,.536,.500,5.6,3.3,4.3,22.6,2.2,0.7,10.9,17.9,114,114,5.0,2000
Derrick McKey,33,6,0,72,.637,.583,10.4,19.8,15.9,1.9,1.5,0.9,36.7,8.9,96,112,1.6,2000
Jonathan Bender,19,2,0,6,.735,.667,0.0,15.4,10.2,0.0,8.8,0.0,0.0,37.7,156,86,3.3,2000
Chris Mullin,36,3,0,12,.602,.500,0.0,0.0,0.0,12.9,4.2,5.5,23.1,17.4,100,102,1.3,2000
Žan Tabak,29,3,0,10,.500,.500,8.8,0.0,4.7,0.0,0.0,0.0,0.0,8.6,111,109,-0.2,2000
Team Totals,30.9,6,,1465,.581,.515,22.9,72.8,49.9,55.5,5.9,6.2,10.6,,114.5,112.6,,2000
Kobe Bryant,21,5,5,176,.411,.378,3.7,13.0,7.7,17.7,1.5,3.3,6.0,25.3,96,116,9.7,2000
Glen Rice,32,6,6,193,.541,.509,0.6,8.5,4.4,7.7,1.4,0.4,12.4,16.8,100,118,6.6,2000
Ron Harper,36,6,6,185,.538,.518,2.3,11.9,6.6,23.0,2.3,0.4,16.6,17.7,105,116,9.0,2000
Robert Horry,29,6,0,182,.575,.547,5.2,16.8,10.2,13.3,1.5,2.5,15.8,14.0,113,115,7.7,2000
Rick Fox,30,6,0,104,.813,.750,3.3,8.2,5.6,7.6,1.5,0.0,14.0,12.4,146,116,5.1,2000
Derek Fisher,25,6,0,112,.587,.554,1.8,5.0,3.2,29.6,2.3,0.0,8.9,13.4,131,117,6.1,2000
A.C. Green,36,6,6,103,.623,.571,9.5,13.8,11.3,4.1,0.5,0.0,7.7,11.3,133,119,4.3,2000
Brian Shaw,33,6,1,112,.238,.216,3.0,15.9,8.9,20.0,0.9,0.0,11.7,17.2,70,116,1.0,2000
Travis Knight,25,4,0,10,.644,.667,16.0,0.0,16.0,0.0,0.0,0.0,20.5,28.4,115,128,0.4,2000
John Salley,35,4,0,13,.667,.667,7.8,30.7,15.5,0.0,5.5,0.0,0.0,12.2,125,112,0.9,2000
Devean George,22,1,0,3,.266,.000,0.0,59.3,20.0,0.0,0.0,0.0,34.7,41.4,37,130,-1.6,2000
Team Totals,29.6,6,,1465,.532,.515,27.2,77.1,50.1,56.9,7.3,8.7,9.9,,112.6,114.5,,2000
Allan Houston,27,5,5,223,.503,.438,1.2,8.1,4.5,16.7,0.5,0.0,10.8,26.2,99,105,11.9,1999
Marcus Camby,24,5,3,136,.527,.500,10.5,24.7,17.3,1.3,1.2,6.5,4.2,16.9,113,94,8.4,1999
Larry Johnson,29,5,5,184,.347,.306,3.8,12.4,7.9,6.7,1.9,0.5,12.8,16.4,73,100,2.3,1999
Charlie Ward,28,5,5,146,.539,.538,4.5,9.1,6.7,22.2,5.0,1.3,20.7,11.2,105,95,7.8,1999
Kurt Thomas,26,5,0,106,.385,.344,14.1,32.0,22.4,3.2,3.2,0.0,2.7,17.0,95,95,4.4,1999
Chris Childs,31,5,0,105,.262,.250,1.0,6.5,3.6,17.5,1.0,0.0,25.9,14.3,55,102,-0.7,1999
Chris Dudley,33,5,2,78,.282,.250,2.6,28.7,14.6,2.2,0.7,3.5,32.0,9.3,44,96,-0.1,1999
Rick Brunson,26,1,0,0,,,0.0,0.0,0.0,0.0,0.0,0.0,,0.0,,107,0.0,1999
Herb Williams,40,2,0,2,.000,.000,0.0,0.0,0.0,0.0,0.0,0.0,0.0,20.0,0,107,-0.4,1999
Team Totals,28.1,5,,1200,.454,.406,23.3,77.2,48.5,45.5,9.3,6.2,11.7,,93.1,98.9,,1999
David Robinson,33,5,5,186,.518,.424,9.5,28.0,19.4,13.0,1.5,5.7,9.1,24.0,109,86,15.7,1999
Mario Elie,35,5,5,175,.603,.500,1.4,11.7,6.9,13.9,1.9,0.0,14.3,16.1,112,95,9.1,1999
Avery Johnson,33,5,5,196,.518,.500,1.4,6.4,4.1,34.8,0.9,0.0,31.1,16.5,89,99,6.6,1999
Sean Elliott,30,5,5,182,.427,.393,2.6,6.9,5.1,14.7,1.2,0.4,11.4,14.7,91,98,4.9,1999
Jaren Jackson,31,5,0,96,.446,.446,1.5,7.6,4.4,10.0,2.9,0.0,19.6,24.2,70,93,1.7,1999
Antonio Daniels,23,4,0,23,1.000,1.000,0.0,11.3,5.6,33.6,2.5,0.0,28.6,14.9,135,102,2.3,1999
Steve Kerr,33,5,0,44,.431,.450,6.5,7.8,7.1,9.7,0.0,0.0,16.1,14.5,79,101,0.7,1999
Malik Rose,24,5,0,65,.255,.200,6.4,16.1,11.7,5.5,2.7,2.1,29.8,13.2,49,88,-0.1,1999
Jerome Kersey,36,2,0,4,1.000,1.000,0.0,0.0,0.0,0.0,0.0,0.0,0.0,9.1,200,103,0.7,1999
Gerard King,26,2,0,1,,,0.0,0.0,0.0,0.0,0.0,0.0,,0.0,,105,0.0,1999
Team Totals,29.8,5,,1200,.531,.476,22.8,76.7,51.5,67.3,7.5,8.6,16.2,,98.9,93.1,,1999
Jeff Hornacek,34,6,6,205,.501,.438,0.9,10.1,5.6,15.6,1.4,0.4,14.7,18.7,96,109,6.1,1998
John Stockton,35,6,6,193,.539,.510,0.7,9.2,5.3,50.4,3.7,0.0,25.1,18.8,103,103,10.0,1998
Bryon Russell,27,6,6,217,.519,.477,3.0,14.9,9.2,6.9,1.9,0.4,15.0,14.0,96,105,6.1,1998
Shandon Anderson,24,6,0,126,.566,.515,6.6,9.0,7.9,3.0,0.5,0.7,22.1,20.0,93,110,3.3,1998
Howard Eisley,25,6,0,106,.420,.391,2.6,12.1,7.6,41.7,1.0,0.7,23.1,20.7,86,107,3.3,1998
Chris Morris,32,6,0,105,.424,.393,2.9,15.2,9.3,4.6,1.1,0.7,6.1,15.4,88,106,1.9,1998
Antoine Carr,36,6,0,87,.526,.500,8.6,10.9,9.7,0.0,0.0,0.9,14.4,16.7,93,110,1.9,1998
Adam Keefe,27,5,3,61,.444,.429,20.5,15.1,17.7,2.5,1.9,0.0,16.0,16.0,93,106,2.0,1998
Greg Ostertag,24,5,1,55,.442,.417,9.6,23.2,17.1,0.0,0.0,1.3,13.9,12.8,78,102,1.5,1998
Greg Foster,29,6,2,62,.267,.267,9.5,16.7,13.7,0.0,0.8,2.6,21.1,14.9,54,103,-0.2,1998
Jacque Vaughn,22,1,0,7,.000,.000,0.0,34.3,15.6,0.0,0.0,0.0,14.3,47.0,0,104,-4.6,1998
Team Totals,30.0,6,,1465,.501,.458,28.5,69.6,50.2,67.0,7.6,4.1,16.9,,96.1,105.5,,1998
Scottie Pippen,32,6,6,237,.502,.446,8.3,14.3,11.2,23.8,2.5,1.7,14.6,22.9,104,97,13.0,1998
Toni Kukoč,29,6,6,222,.557,.546,5.0,12.1,8.2,13.8,1.7,1.3,10.9,20.5,108,100,11.5,1998
Ron Harper,34,6,6,173,.418,.379,1.9,17.7,9.8,16.0,3.1,1.9,15.5,12.9,93,93,5.4,1998
Luc Longley,29,6,6,131,.491,.444,10.4,18.5,14.3,11.9,2.2,2.9,26.5,15.6,89,92,3.7,1998
Steve Kerr,32,6,0,125,.528,.475,0.8,0.8,1.0,20.4,1.0,0.0,12.1,9.7,118,108,3.2,1998
Scott Burrell,27,6,0,83,.450,.432,0.0,19.8,9.9,0.0,4.7,0.0,11.4,15.2,81,84,2.5,1998
Dennis Rodman,36,6,0,182,.547,.462,13.4,22.7,17.8,5.3,2.3,0.9,24.7,6.7,115,96,5.4,1998
Jud Buechler,29,6,0,30,.800,.800,5.8,6.0,5.9,12.0,1.8,2.7,16.7,10.0,130,93,1.2,1998
Bill Wennington,34,3,0,13,.400,.400,0.0,29.0,13.6,14.4,0.0,6.3,28.6,27.8,59,87,0.4,1998
Randy Brown,29,2,0,8,.333,.333,0.0,33.9,17.4,0.0,7.2,0.0,40.0,35.0,38,56,-0.1,1998
Dickey Simpkins,25,2,0,12,.347,.500,10.8,20.3,14.9,15.8,0.0,5.4,25.8,15.9,71,80,0.8,1998
Team Totals,32.1,6,,1465,.510,.459,30.4,71.5,49.8,56.4,12.0,7.5,12.2,,105.5,96.1,,1998
