Player,Age,G,MP,FG,FGA,3P,3PA,FT,FTA,ORB,DRB,TRB,AST,STL,BLK,TOV,PF,PTS,FG%,3P%,FT%,MPPerGame,PTSPerGame,TRBPerGame,ASTPerGame,STLPerGame,BLKPerGame,year
Jimmy Butler,33,5,205,38,92,7,19,25,31,9,14,23,32,4,3,6,6,108,.413,.368,.806,41.0,21.6,4.6,6.4,0.8,0.6,2023
Gabe Vincent,26,5,142,21,55,10,30,5,6,1,1,2,12,5,1,4,13,57,.382,.333,.833,28.4,11.4,0.4,2.4,1.0,0.2,2023
Kyle Lowry,36,5,146,17,40,11,26,9,9,3,17,20,24,5,1,9,14,54,.425,.423,1.000,29.2,10.8,4.0,4.8,1.0,0.2,2023
Duncan Robinson,28,5,94,15,30,9,21,0,1,0,6,6,8,1,2,4,11,39,.500,.429,.000,18.8,7.8,1.2,1.6,0.2,0.4,2023
Caleb Martin,27,5,142,15,40,5,15,2,2,6,16,22,6,5,3,6,15,37,.375,.333,1.000,28.4,7.4,4.4,1.2,1.0,0.6,2023
Max Strus,26,5,125,10,43,6,32,3,4,4,20,24,15,1,3,1,10,29,.233,.188,.750,25.0,5.8,4.8,3.0,0.2,0.6,2023
Kevin Love,34,4,71,9,24,8,20,1,1,3,15,18,1,3,2,0,5,27,.375,.400,1.000,17.8,6.8,4.5,0.3,0.8,0.5,2023
Haywood Highsmith,26,5,35,7,10,2,4,2,2,2,2,4,0,2,1,1,6,18,.700,.500,1.000,7.0,3.6,0.8,0.0,0.4,0.2,2023
Cody Zeller,30,5,27,2,4,0,0,0,0,2,3,5,1,0,1,2,6,4,.500,,,5.4,0.8,1.0,0.2,0.0,0.2,2023
Udonis Haslem,42,1,0,0,1,0,0,0,0,0,0,0,0,0,0,0,0,0,.000,,,0.0,0.0,0.0,0.0,0.0,0.0,2023
Nikola Jović,19,2,2,0,1,0,0,0,0,0,1,1,0,0,0,0,0,0,.000,,,1.0,0.0,0.5,0.0,0.0,0.0,2023
Omer Yurtseven,24,2,2,0,1,0,1,0,0,1,0,1,0,0,0,0,0,0,.000,.000,,1.0,0.0,0.5,0.0,0.0,0.0,2023
Team Totals,,5,1200,179,440,58,169,66,77,48,140,188,115,28,21,45,99,482,.407,.343,.857,240.0,96.4,37.6,23.0,5.6,4.2,2023
Jamal Murray,25,5,211,41,91,12,31,13,14,5,26,31,50,5,0,17,9,107,.451,.387,.929,42.2,21.4,6.2,10.0,1.0,0.0,2023
Aaron Gordon,27,5,178,29,48,5,9,7,15,9,28,37,15,4,3,3,14,70,.604,.556,.467,35.6,14.0,7.4,3.0,0.8,0.6,2023
Bruce Brown,26,5,134,21,46,7,19,8,11,5,17,22,5,5,4,8,7,57,.457,.368,.727,26.8,11.4,4.4,1.0,1.0,0.8,2023
Michael Porter Jr.,24,5,147,19,58,4,28,6,8,7,35,42,4,0,2,2,6,48,.328,.143,.750,29.4,9.6,8.4,0.8,0.0,0.4,2023
Kentavious Caldwell-Pope,29,5,171,11,31,5,19,10,13,4,13,17,7,7,6,4,13,37,.355,.263,.769,34.2,7.4,3.4,1.4,1.4,1.2,2023
Christian Braun,21,5,82,12,17,0,1,5,9,4,6,10,6,5,2,3,6,29,.706,.000,.556,16.4,5.8,2.0,1.2,1.0,0.4,2023
Jeff Green,36,5,65,8,9,2,2,6,6,1,1,2,3,1,0,2,6,24,.889,1.000,1.000,13.0,4.8,0.4,0.6,0.2,0.0,2023
Thomas Bryant,25,1,0,0,0,0,0,0,0,0,0,0,0,0,0,0,0,0,,,,0.0,0.0,0.0,0.0,0.0,0.0,2023
Vlatko Čančar,25,1,0,0,0,0,0,0,0,0,0,0,0,0,0,0,0,0,,,,0.0,0.0,0.0,0.0,0.0,0.0,2023
Reggie Jackson,32,1,1,0,1,0,1,0,0,0,1,1,1,0,0,0,0,0,.000,.000,,1.0,0.0,1.0,1.0,0.0,0.0,2023
DeAndre Jordan,34,1,3,0,0,0,0,0,0,0,0,0,0,0,1,0,0,0,,,,3.0,0.0,0.0,0.0,0.0,1.0,2023
Zeke Nnaji,22,1,0,0,0,0,0,0,0,0,0,0,0,0,0,0,0,0,,,,0.0,0.0,0.0,0.0,0.0,0.0,2023
Peyton Watson,20,1,0,0,0,0,0,0,0,0,0,0,0,0,0,0,0,0,,,,0.0,0.0,0.0,0.0,0.0,0.0,2023
Team Totals,,5,1198,197,397,43,129,86,113,44,188,232,127,31,25,56,78,523,.496,.333,.761,239.6,104.6,46.4,25.4,6.2,5.0,2023
Jayson Tatum,23,6,244,44,120,20,44,21,32,5,36,41,42,7,4,23,15,129,.367,.455,.656,40.7,21.5,6.8,7.0,1.2,0.7,2022
Marcus Smart,27,6,213,34,79,14,34,9,12,6,21,27,30,9,0,19,19,91,.430,.412,.750,35.5,15.2,4.5,5.0,1.5,0.0,2022
Al Horford,35,6,191,26,43,15,24,8,12,10,41,51,17,4,4,10,12,75,.605,.625,.667,31.8,12.5,8.5,2.8,0.7,0.7,2022
Derrick White,27,6,159,18,55,10,25,13,14,1,8,9,13,4,3,10,9,59,.327,.400,.929,26.5,9.8,1.5,2.2,0.7,0.5,2022
Robert Williams,24,6,158,20,26,0,0,5,6,17,28,45,9,5,17,4,10,45,.769,,.833,26.3,7.5,7.5,1.5,0.8,2.8,2022
Grant Williams,23,6,102,9,17,3,10,4,6,3,11,14,6,1,4,4,14,25,.529,.300,.667,17.0,4.2,2.3,1.0,0.2,0.7,2022
Payton Pritchard,24,6,67,6,20,3,14,1,2,4,9,13,6,1,0,5,1,16,.300,.214,.500,11.2,2.7,2.2,1.0,0.2,0.0,2022
Aaron Nesmith,22,5,16,2,6,0,3,3,4,1,3,4,2,1,0,0,1,7,.333,.000,.750,3.2,1.4,0.8,0.4,0.2,0.0,2022
Luke Kornet,26,3,6,2,2,1,1,0,0,0,2,2,1,0,0,1,0,5,1.000,1.000,,2.0,1.7,0.7,0.3,0.0,0.0,2022
Malik Fitts,24,3,6,1,1,1,1,0,0,0,0,0,0,0,0,0,0,3,1.000,1.000,,2.0,1.0,0.0,0.0,0.0,0.0,2022
Sam Hauser,24,5,11,1,3,1,2,0,0,0,0,0,2,0,0,0,0,3,.333,.500,,2.2,0.6,0.0,0.4,0.0,0.0,2022
Nik Stauskas,28,5,9,1,4,1,4,0,0,0,3,3,1,0,0,0,0,3,.250,.250,,1.8,0.6,0.6,0.2,0.0,0.0,2022
Daniel Theis,29,2,20,1,2,1,2,0,0,0,5,5,1,0,2,1,1,3,.500,.500,,10.0,1.5,2.5,0.5,0.0,1.0,2022
Juwan Morgan,24,4,5,0,0,0,0,0,0,0,1,1,0,0,0,0,0,0,,,,1.3,0.0,0.3,0.0,0.0,0.0,2022
Team Totals,,6,1440,215,494,86,211,89,119,58,201,259,152,37,36,97,97,605,.435,.408,.748,240.0,100.8,43.2,25.3,6.2,6.0,2022
Andrew Wiggins,26,6,235,45,101,11,37,9,13,12,41,53,13,9,9,11,13,110,.446,.297,.692,39.2,18.3,8.8,2.2,1.5,1.5,2022
Klay Thompson,31,6,230,36,101,20,57,10,10,2,16,18,12,8,3,7,13,102,.356,.351,1.000,38.3,17.0,3.0,2.0,1.3,0.5,2022
Jordan Poole,22,6,125,27,62,15,39,10,11,1,10,11,11,3,1,12,12,79,.435,.385,.909,20.8,13.2,1.8,1.8,0.5,0.2,2022
Draymond Green,31,6,217,14,42,2,16,7,12,14,34,48,37,10,4,15,25,37,.333,.125,.583,36.2,6.2,8.0,6.2,1.7,0.7,2022
Gary Payton II,29,5,93,13,22,2,7,7,10,4,12,16,7,8,2,2,13,35,.591,.286,.700,18.6,7.0,3.2,1.4,1.6,0.4,2022
Otto Porter Jr.,28,6,102,10,17,9,16,2,2,2,10,12,6,6,1,2,5,31,.588,.563,1.000,17.0,5.2,2.0,1.0,1.0,0.2,2022
Kevon Looney,25,6,130,14,22,0,0,2,2,21,24,45,16,4,5,10,17,30,.636,,1.000,21.7,5.0,7.5,2.7,0.7,0.8,2022
Nemanja Bjelica,33,5,29,4,8,1,2,0,0,1,7,8,1,2,0,2,4,9,.500,.500,,5.8,1.8,1.6,0.2,0.4,0.0,2022
Andre Iguodala,38,4,19,3,4,1,1,0,0,0,0,0,5,0,0,1,3,7,.750,1.000,,4.8,1.8,0.0,1.3,0.0,0.0,2022
Moses Moody,19,4,11,1,1,0,0,0,0,0,0,0,0,0,1,0,0,2,1.000,,,2.8,0.5,0.0,0.0,0.0,0.3,2022
Jonathan Kuminga,19,4,8,0,1,0,0,0,0,0,1,1,0,0,0,0,0,0,.000,,,2.0,0.0,0.3,0.0,0.0,0.0,2022
Damion Lee,29,4,8,0,4,0,4,0,0,0,0,0,0,0,0,0,0,0,.000,.000,,2.0,0.0,0.0,0.0,0.0,0.0,2022
Juan Toscano-Anderson,28,4,8,0,1,0,1,0,0,0,2,2,3,0,0,2,2,0,.000,.000,,2.0,0.0,0.5,0.8,0.0,0.0,2022
Team Totals,,6,1440,233,523,92,251,71,88,59,191,250,141,62,27,79,125,629,.446,.367,.807,240.0,104.8,41.7,23.5,10.3,4.5,2022
Chris Paul,35,6,224,55,100,12,23,9,12,4,12,16,49,4,1,21,19,131,.550,.522,.750,37.3,21.8,2.7,8.2,0.7,0.2,2021
Deandre Ayton,22,6,225,34,64,0,0,20,22,13,59,72,11,9,9,8,23,88,.531,,.909,37.5,14.7,12.0,1.8,1.5,1.5,2021
Mikal Bridges,24,6,192,26,49,9,21,11,12,4,21,25,7,6,3,7,10,72,.531,.429,.917,32.0,12.0,4.2,1.2,1.0,0.5,2021
Jae Crowder,30,6,223,21,51,16,39,12,14,4,47,51,10,10,6,7,20,70,.412,.410,.857,37.2,11.7,8.5,1.7,1.7,1.0,2021
Cameron Johnson,24,6,136,17,35,10,23,7,7,4,15,19,5,3,3,4,12,51,.486,.435,1.000,22.7,8.5,3.2,0.8,0.5,0.5,2021
Cameron Payne,26,6,94,19,41,5,14,1,2,2,13,15,10,4,0,5,6,44,.463,.357,.500,15.7,7.3,2.5,1.7,0.7,0.0,2021
Torrey Craig,30,6,64,6,15,3,10,2,4,2,6,8,1,0,0,2,7,17,.400,.300,.500,10.7,2.8,1.3,0.2,0.0,0.0,2021
Frank Kaminsky,27,4,29,6,9,0,0,0,0,2,4,6,3,1,0,1,1,12,.667,,,7.3,3.0,1.5,0.8,0.3,0.0,2021
Ty-Shon Alexander,22,1,1,1,1,0,0,0,0,0,0,0,0,0,0,0,0,2,1.000,,,1.0,2.0,0.0,0.0,0.0,0.0,2021
Abdel Nader,27,2,8,0,1,0,1,0,0,0,0,0,0,0,0,0,1,0,.000,.000,,4.0,0.0,0.0,0.0,0.0,0.0,2021
Dario Šarić,26,1,2,0,1,0,0,0,0,1,0,1,0,0,0,0,0,0,.000,,,2.0,0.0,1.0,0.0,0.0,0.0,2021
Team Totals,,6,1439,250,510,66,172,90,105,42,192,234,120,42,24,74,122,656,.490,.384,.857,239.8,109.3,39.0,20.0,7.0,4.0,2021
Khris Middleton,29,6,255,56,125,16,45,16,18,2,36,38,32,9,0,19,14,144,.448,.356,.889,42.5,24.0,6.3,5.3,1.5,0.0,2021
Jrue Holiday,30,6,250,39,108,11,35,11,12,7,30,37,56,13,4,13,11,100,.361,.314,.917,41.7,16.7,6.2,9.3,2.2,0.7,2021
Brook Lopez,32,6,147,28,58,5,21,8,10,11,21,32,1,4,4,6,13,69,.483,.238,.800,24.5,11.5,5.3,0.2,0.7,0.7,2021
Pat Connaughton,28,6,180,19,40,15,34,2,4,10,25,35,7,1,0,5,14,55,.475,.441,.500,30.0,9.2,5.8,1.2,0.2,0.0,2021
Bobby Portis,25,6,100,17,40,7,16,5,5,10,14,24,1,4,2,1,9,46,.425,.438,1.000,16.7,7.7,4.0,0.2,0.7,0.3,2021
P.J. Tucker,35,6,188,10,20,4,8,0,0,12,11,23,7,6,0,3,21,24,.500,.500,,31.3,4.0,3.8,1.2,1.0,0.0,2021
Bryn Forbes,27,3,22,3,10,3,9,0,0,0,1,1,0,1,0,1,2,9,.300,.333,,7.3,3.0,0.3,0.0,0.3,0.0,2021
Jeff Teague,32,6,56,2,10,1,3,4,6,2,3,5,4,3,0,3,2,9,.200,.333,.667,9.3,1.5,0.8,0.7,0.5,0.0,2021
Jordan Nwora,22,1,1,1,1,1,1,0,0,0,1,1,0,0,0,0,0,3,1.000,1.000,,1.0,3.0,1.0,0.0,0.0,0.0,2021
Thanasis Antetokounmpo,28,1,2,0,2,0,0,0,0,1,2,3,0,0,0,0,1,0,.000,,,2.0,0.0,3.0,0.0,0.0,0.0,2021
Elijah Bryant,25,1,0,0,0,0,0,0,0,0,0,0,0,0,0,0,0,0,,,,0.0,0.0,0.0,0.0,0.0,0.0,2021
Sam Merrill,24,1,1,0,0,0,0,0,0,0,0,0,0,0,0,0,0,0,,,,1.0,0.0,0.0,0.0,0.0,0.0,2021
Team Totals,,6,1441,251,537,66,187,102,140,79,199,278,138,48,21,65,105,670,.467,.353,.729,240.2,111.7,46.3,23.0,8.0,3.5,2021
Tyler Herro,20,6,208,32,87,11,30,13,16,1,24,25,18,3,0,14,7,88,.368,.367,.813,34.7,14.7,4.2,3.0,0.5,0.0,2020
Duncan Robinson,25,6,192,21,52,18,46,15,15,1,15,16,15,5,2,4,21,75,.404,.391,1.000,32.0,12.5,2.7,2.5,0.8,0.3,2020
Jae Crowder,29,6,189,23,55,13,39,8,10,4,27,31,7,2,3,4,22,67,.418,.333,.800,31.5,11.2,5.2,1.2,0.3,0.5,2020
Kendrick Nunn,24,6,135,24,51,9,23,6,6,3,18,21,11,0,1,8,10,63,.471,.391,1.000,22.5,10.5,3.5,1.8,0.0,0.2,2020
Bam Adebayo,22,4,135,23,43,0,0,15,24,6,19,25,10,1,3,8,11,61,.535,,.625,33.8,15.3,6.3,2.5,0.3,0.8,2020
Kelly Olynyk,28,5,114,20,41,7,17,11,13,4,26,30,7,2,3,4,15,58,.488,.412,.846,22.8,11.6,6.0,1.4,0.4,0.6,2020
Andre Iguodala,36,6,118,8,19,3,8,0,0,4,12,16,12,2,2,3,16,19,.421,.375,,19.7,3.2,2.7,2.0,0.3,0.3,2020
Meyers Leonard,27,2,22,5,6,2,2,2,2,0,1,1,1,1,0,0,3,14,.833,1.000,1.000,11.0,7.0,0.5,0.5,0.5,0.0,2020
Solomon Hill,28,4,25,5,9,2,6,0,0,0,3,3,1,1,0,0,3,12,.556,.333,,6.3,3.0,0.8,0.3,0.3,0.0,2020
Goran Dragić,33,2,34,5,16,0,5,1,2,1,5,6,5,3,0,2,3,11,.313,.000,.500,17.0,5.5,3.0,2.5,1.5,0.0,2020
Derrick Jones Jr.,22,4,10,1,2,0,0,0,0,0,1,1,0,0,0,1,0,2,.500,,,2.5,0.5,0.3,0.0,0.0,0.0,2020
Team Totals,,6,1440,220,477,69,189,118,141,39,186,225,146,33,19,66,119,627,.461,.365,.837,240.0,104.5,37.5,24.3,5.5,3.2,2020
Anthony Davis,26,6,229,56,98,8,19,30,32,20,44,64,19,8,12,16,18,150,.571,.421,.938,38.2,25.0,10.7,3.2,1.3,2.0,2020
Kentavious Caldwell-Pope,26,6,188,26,69,13,43,12,14,4,13,17,12,6,1,4,15,77,.377,.302,.857,31.3,12.8,2.8,2.0,1.0,0.2,2020
Rajon Rondo,33,6,156,19,49,7,21,7,8,6,25,31,33,6,0,10,11,52,.388,.333,.875,26.0,8.7,5.2,5.5,1.0,0.0,2020
Kyle Kuzma,24,6,130,17,48,9,29,8,10,6,11,17,3,1,1,7,14,51,.354,.310,.800,21.7,8.5,2.8,0.5,0.2,0.2,2020
Danny Green,32,6,137,16,49,11,38,2,2,4,13,17,7,6,5,5,11,45,.327,.289,1.000,22.8,7.5,2.8,1.2,1.0,0.8,2020
Markieff Morris,30,6,128,14,38,12,30,5,6,5,15,20,7,0,0,6,15,45,.368,.400,.833,21.3,7.5,3.3,1.2,0.0,0.0,2020
Alex Caruso,25,6,149,13,30,6,16,6,8,7,8,15,14,5,1,8,11,38,.433,.375,.750,24.8,6.3,2.5,2.3,0.8,0.2,2020
Dwight Howard,34,6,71,6,8,1,1,4,7,6,11,17,4,1,2,5,13,17,.750,1.000,.571,11.8,2.8,2.8,0.7,0.2,0.3,2020
Quinn Cook,26,2,3,1,2,1,2,0,0,0,0,0,0,0,0,0,0,3,.500,.500,,1.5,1.5,0.0,0.0,0.0,0.0,2020
J.R. Smith,34,3,10,1,3,1,3,0,0,0,1,1,0,1,0,0,3,3,.333,.333,,3.3,1.0,0.3,0.0,0.3,0.0,2020
Jared Dudley,34,3,3,0,1,0,1,0,0,0,0,0,0,0,1,0,0,0,.000,.000,,1.0,0.0,0.0,0.0,0.0,0.3,2020
Team Totals,,6,1440,237,510,84,239,102,129,70,200,270,150,41,26,82,124,660,.465,.351,.791,240.0,110.0,45.0,25.0,6.8,4.3,2020
Klay Thompson,28,5,188,46,85,24,41,14,16,4,20,24,12,4,0,6,15,130,.541,.585,.875,37.6,26.0,4.8,2.4,0.8,0.0,2019
Draymond Green,28,6,248,26,60,5,19,18,21,9,56,65,56,10,6,30,26,75,.433,.263,.857,41.3,12.5,10.8,9.3,1.7,1.0,2019
Andre Iguodala,35,6,188,22,51,8,26,3,9,5,22,27,24,6,9,9,12,55,.431,.308,.333,31.3,9.2,4.5,4.0,1.0,1.5,2019
DeMarcus Cousins,28,6,108,17,40,2,9,14,23,4,24,28,14,4,6,13,18,50,.425,.222,.609,18.0,8.3,4.7,2.3,0.7,1.0,2019
Quinn Cook,25,6,88,11,29,5,16,2,2,0,5,5,5,1,1,2,8,29,.379,.313,1.000,14.7,4.8,0.8,0.8,0.2,0.2,2019
Kevon Looney,22,5,104,14,24,0,0,1,4,7,9,16,6,2,1,5,14,29,.583,,.250,20.8,5.8,3.2,1.2,0.4,0.2,2019
Shaun Livingston,33,6,98,10,24,0,1,8,8,3,6,9,9,4,1,5,8,28,.417,.000,1.000,16.3,4.7,1.5,1.5,0.7,0.2,2019
Jonas Jerebko,31,4,26,4,14,3,8,3,4,4,1,5,1,0,0,0,2,14,.286,.375,.750,6.5,3.5,1.3,0.3,0.0,0.0,2019
Alfonzo McKinnie,26,6,57,5,16,3,10,0,3,5,5,10,2,0,0,3,12,13,.313,.300,.000,9.5,2.2,1.7,0.3,0.0,0.0,2019
Andrew Bogut,34,5,45,6,8,0,0,0,0,4,11,15,3,1,1,2,8,12,.750,,,9.0,2.4,3.0,0.6,0.2,0.2,2019
Kevin Durant,30,1,12,3,5,3,3,2,2,0,2,2,0,0,1,1,2,11,.600,1.000,1.000,12.0,11.0,2.0,0.0,0.0,1.0,2019
Jordan Bell,24,4,25,3,4,0,0,0,0,2,3,5,1,0,2,0,2,6,.750,,,6.3,1.5,1.3,0.3,0.0,0.5,2019
Jacob Evans,21,3,2,0,3,0,1,0,0,0,0,0,0,0,0,0,0,0,.000,.000,,0.7,0.0,0.0,0.0,0.0,0.0,2019
Damian Jones,23,1,2,0,0,0,0,0,0,0,0,0,0,0,0,0,0,0,,,,2.0,0.0,0.0,0.0,0.0,0.0,2019
Team Totals,,6,1441,220,491,76,201,119,149,53,189,242,169,41,29,93,142,635,.448,.378,.799,240.2,105.8,40.3,28.2,6.8,4.8,2019
Pascal Siakam,24,6,241,49,97,5,21,16,21,12,33,45,22,3,4,9,11,119,.505,.238,.762,40.2,19.8,7.5,3.7,0.5,0.7,2019
Kyle Lowry,32,6,229,34,80,14,38,15,19,3,21,24,43,10,3,15,27,97,.425,.368,.789,38.2,16.2,4.0,7.2,1.7,0.5,2019
Fred VanVleet,24,6,195,28,63,16,40,12,14,4,12,16,13,7,0,6,13,84,.444,.400,.857,32.5,14.0,2.7,2.2,1.2,0.0,2019
Marc Gasol,34,6,173,21,47,6,19,24,26,5,39,44,16,3,2,7,25,72,.447,.316,.923,28.8,12.0,7.3,2.7,0.5,0.3,2019
Serge Ibaka,29,6,116,28,50,2,6,10,13,11,20,31,6,5,10,8,23,68,.560,.333,.769,19.3,11.3,5.2,1.0,0.8,1.7,2019
Danny Green,31,6,163,16,41,12,33,0,0,7,14,21,7,7,3,8,15,44,.390,.364,,27.2,7.3,3.5,1.2,1.2,0.5,2019
Norman Powell,25,6,66,4,13,1,6,2,2,0,6,6,4,2,0,2,4,11,.308,.167,1.000,11.0,1.8,1.0,0.7,0.3,0.0,2019
Patrick McCaw,23,4,12,1,2,1,1,0,0,0,0,0,2,0,0,0,0,3,.500,1.000,,3.0,0.8,0.0,0.5,0.0,0.0,2019
Jeremy Lin,30,1,1,0,0,0,0,0,0,0,0,0,0,0,0,0,0,0,,,,1.0,0.0,0.0,0.0,0.0,0.0,2019
Jodie Meeks,31,1,1,0,0,0,0,0,0,0,0,0,0,0,0,0,0,0,,,,1.0,0.0,0.0,0.0,0.0,0.0,2019
Malcolm Miller,25,1,1,0,0,0,0,0,0,0,0,0,0,0,0,0,0,0,,,,1.0,0.0,0.0,0.0,0.0,0.0,2019
Team Totals,,6,1441,230,506,72,206,137,159,58,188,246,138,49,29,73,133,669,.455,.350,.862,240.2,111.5,41.0,23.0,8.2,4.8,2019
Kevin Love,29,4,133,26,64,9,28,15,16,14,31,45,7,4,1,5,6,76,.406,.321,.938,33.3,19.0,11.3,1.8,1.0,0.3,2018
J.R. Smith,32,4,130,13,41,9,25,3,5,4,9,13,5,5,0,3,8,38,.317,.360,.600,32.5,9.5,3.3,1.3,1.3,0.0,2018
George Hill,31,4,117,10,31,7,16,3,6,5,4,9,9,3,1,6,16,30,.323,.438,.500,29.3,7.5,2.3,2.3,0.8,0.3,2018
Rodney Hood,25,4,56,12,27,1,5,2,3,5,10,15,3,2,2,2,4,27,.444,.200,.667,14.0,6.8,3.8,0.8,0.5,0.5,2018
Tristan Thompson,26,4,94,13,25,0,0,1,3,8,13,21,0,0,3,1,7,27,.520,,.333,23.5,6.8,5.3,0.0,0.0,0.8,2018
Larry Nance Jr.,25,4,68,9,18,0,0,5,12,15,13,28,6,2,2,2,7,23,.500,,.417,17.0,5.8,7.0,1.5,0.5,0.5,2018
Jeff Green,31,4,97,8,28,3,14,2,2,2,3,5,8,1,1,2,3,21,.286,.214,1.000,24.3,5.3,1.3,2.0,0.3,0.3,2018
Jordan Clarkson,25,2,25,3,13,0,3,0,0,1,3,4,1,2,1,2,2,6,.231,.000,,12.5,3.0,2.0,0.5,1.0,0.5,2018
Kyle Korver,36,4,65,1,16,1,11,3,5,2,5,7,3,0,1,2,7,6,.063,.091,.600,16.3,1.5,1.8,0.8,0.0,0.3,2018
Ante Žižić,21,3,5,3,3,0,0,0,0,1,0,1,0,0,0,0,2,6,1.000,,,1.7,2.0,0.3,0.0,0.0,0.0,2018
José Calderón,36,3,8,2,4,0,1,0,0,1,2,3,2,1,0,0,0,4,.500,.000,,2.7,1.3,1.0,0.7,0.3,0.0,2018
Cedi Osman,22,3,8,2,5,0,1,0,0,0,1,1,0,0,0,0,0,4,.400,.000,,2.7,1.3,0.3,0.0,0.0,0.0,2018
Team Totals,,4,985,151,368,36,122,66,90,67,119,186,84,25,16,45,73,404,.410,.295,.733,246.3,101.0,46.5,21.0,6.3,4.0,2018
Stephen Curry,29,4,162,37,92,22,53,14,14,3,21,24,27,6,3,11,11,110,.402,.415,1.000,40.5,27.5,6.0,6.8,1.5,0.8,2018
Klay Thompson,27,4,148,24,50,12,28,4,5,0,15,15,4,2,1,5,12,64,.480,.429,.800,37.0,16.0,3.8,1.0,0.5,0.3,2018
Draymond Green,27,4,165,15,29,3,14,4,5,4,20,24,34,8,6,5,18,37,.517,.214,.800,41.3,9.3,6.0,8.5,2.0,1.5,2018
JaVale McGee,30,4,55,16,20,0,0,0,1,4,5,9,0,0,5,1,6,32,.800,,.000,13.8,8.0,2.3,0.0,0.0,1.3,2018
Shaun Livingston,32,4,65,13,15,0,0,4,4,1,10,11,6,1,0,1,7,30,.867,,1.000,16.3,7.5,2.8,1.5,0.3,0.0,2018
Jordan Bell,23,4,54,10,14,0,1,3,6,4,9,13,4,1,2,0,4,23,.714,.000,.500,13.5,5.8,3.3,1.0,0.3,0.5,2018
Andre Iguodala,34,2,45,7,12,3,6,2,2,1,3,4,1,3,2,1,6,19,.583,.500,1.000,22.5,9.5,2.0,0.5,1.5,1.0,2018
Kevon Looney,21,4,39,5,7,0,0,0,4,4,2,6,1,1,0,0,4,10,.714,,.000,9.8,2.5,1.5,0.3,0.3,0.0,2018
Zaza Pachulia,33,2,6,1,3,0,0,6,6,1,2,3,0,0,1,1,0,8,.333,,1.000,3.0,4.0,1.5,0.0,0.0,0.5,2018
David West,37,4,28,3,5,1,1,0,0,2,3,5,4,0,3,3,4,7,.600,1.000,,7.0,1.8,1.3,1.0,0.0,0.8,2018
Nick Young,32,4,38,2,13,1,10,0,0,0,2,2,0,0,0,0,3,5,.154,.100,,9.5,1.3,0.5,0.0,0.0,0.0,2018
Quinn Cook,24,2,4,1,3,0,1,0,0,0,0,0,0,0,0,0,0,2,.333,.000,,2.0,1.0,0.0,0.0,0.0,0.0,2018
Patrick McCaw,22,4,11,0,0,0,0,2,2,1,0,1,0,1,0,0,0,2,,,1.000,2.8,0.5,0.3,0.0,0.3,0.0,2018
Team Totals,,4,985,174,339,51,136,65,76,27,133,160,111,26,32,37,87,464,.513,.375,.855,246.3,116.0,40.0,27.8,6.5,8.0,2018
Kyrie Irving,24,5,202,58,123,13,31,18,20,8,12,20,22,5,1,16,16,147,.472,.419,.900,40.4,29.4,4.0,4.4,1.0,0.2,2017
Kevin Love,28,5,161,26,67,12,31,16,20,18,38,56,5,11,5,5,14,80,.388,.387,.800,32.2,16.0,11.2,1.0,2.2,1.0,2017
J.R. Smith,31,5,146,20,37,18,31,1,3,1,7,8,2,3,2,4,14,59,.541,.581,.333,29.2,11.8,1.6,0.4,0.6,0.4,2017
Richard Jefferson,36,5,83,8,18,1,9,12,18,5,7,12,2,1,1,4,17,29,.444,.111,.667,16.6,5.8,2.4,0.4,0.2,0.2,2017
Tristan Thompson,25,5,132,12,22,0,0,4,6,14,15,29,13,3,3,7,10,28,.545,,.667,26.4,5.6,5.8,2.6,0.6,0.6,2017
Kyle Korver,35,5,97,7,19,5,16,3,3,0,6,6,2,1,1,2,10,22,.368,.313,1.000,19.4,4.4,1.2,0.4,0.2,0.2,2017
Iman Shumpert,26,5,66,4,17,2,9,8,10,1,9,10,4,3,0,2,10,18,.235,.222,.800,13.2,3.6,2.0,0.8,0.6,0.0,2017
Dahntay Jones,36,3,10,2,3,1,2,4,4,1,3,4,0,0,0,0,0,9,.667,.500,1.000,3.3,3.0,1.3,0.0,0.0,0.0,2017
Derrick Williams,25,3,10,2,6,1,2,2,2,0,1,1,1,0,0,0,0,7,.333,.500,1.000,3.3,2.3,0.3,0.3,0.0,0.0,2017
Deron Williams,32,5,61,2,16,1,9,0,0,1,7,8,6,2,0,5,8,5,.125,.111,,12.2,1.0,1.6,1.2,0.4,0.0,2017
Channing Frye,33,1,11,1,5,0,1,0,0,0,3,3,1,0,0,0,0,2,.200,.000,,11.0,2.0,3.0,1.0,0.0,0.0,2017
James Jones,36,3,8,0,1,0,1,0,0,0,1,1,0,0,0,0,0,0,.000,.000,,2.7,0.0,0.3,0.0,0.0,0.0,2017
Team Totals,,5,1199,208,451,66,173,92,123,58,160,218,108,36,18,66,112,574,.461,.382,.748,239.8,114.8,43.6,21.6,7.2,3.6,2017
Stephen Curry,28,5,189,40,91,19,49,35,39,11,29,40,47,11,0,19,14,134,.440,.388,.897,37.8,26.8,8.0,9.4,2.2,0.0,2017
Klay Thompson,26,5,183,30,70,17,40,5,7,4,20,24,11,2,1,4,16,82,.429,.425,.714,36.6,16.4,4.8,2.2,0.4,0.2,2017
Draymond Green,26,5,177,19,55,7,25,10,15,10,41,51,24,8,3,12,22,55,.345,.280,.667,35.4,11.0,10.2,4.8,1.6,0.6,2017
Andre Iguodala,33,5,141,18,34,5,15,2,6,4,13,17,17,6,5,5,10,43,.529,.333,.333,28.2,8.6,3.4,3.4,1.2,1.0,2017
Shaun Livingston,31,5,75,15,28,0,0,3,3,2,3,5,6,1,0,1,10,33,.536,,1.000,15.0,6.6,1.0,1.2,0.2,0.0,2017
David West,36,5,50,10,17,0,1,1,2,2,8,10,3,0,3,2,7,21,.588,.000,.500,10.0,4.2,2.0,0.6,0.0,0.6,2017
Ian Clark,25,4,44,7,16,3,11,2,2,0,4,4,3,1,0,2,4,19,.438,.273,1.000,11.0,4.8,1.0,0.8,0.3,0.0,2017
Zaza Pachulia,32,5,66,7,13,0,0,2,5,9,5,14,2,2,0,8,14,16,.538,,.400,13.2,3.2,2.8,0.4,0.4,0.0,2017
Patrick McCaw,21,5,34,3,11,1,5,4,4,4,6,10,2,1,0,1,2,11,.273,.200,1.000,6.8,2.2,2.0,0.4,0.2,0.0,2017
JaVale McGee,29,4,22,4,6,0,0,3,4,7,3,10,3,0,2,1,7,11,.667,,.750,5.5,2.8,2.5,0.8,0.0,0.5,2017
James Michael McAdoo,24,4,11,2,3,0,0,0,0,1,1,2,0,1,0,0,2,4,.667,,,2.8,1.0,0.5,0.0,0.3,0.0,2017
Matt Barnes,36,5,9,1,3,1,2,0,0,0,1,1,2,0,0,1,1,3,.333,.500,,1.8,0.6,0.2,0.4,0.0,0.0,2017
Team Totals,,5,1200,216,455,71,186,105,128,61,168,229,147,38,22,67,122,608,.475,.382,.820,240.0,121.6,45.8,29.4,7.6,4.4,2017
Klay Thompson,25,7,247,47,110,21,60,22,28,4,17,21,13,7,4,15,13,137,.427,.350,.786,35.3,19.6,3.0,1.9,1.0,0.6,2016
Draymond Green,25,6,240,34,70,13,32,18,23,5,57,62,38,10,6,12,19,99,.486,.406,.783,40.0,16.5,10.3,6.3,1.7,1.0,2016
Harrison Barnes,23,7,222,25,71,9,29,6,10,6,25,31,10,5,3,4,11,65,.352,.310,.600,31.7,9.3,4.4,1.4,0.7,0.4,2016
Andre Iguodala,32,7,239,27,58,7,23,3,9,16,28,44,29,6,5,8,10,64,.466,.304,.333,34.1,9.1,6.3,4.1,0.9,0.7,2016
Shaun Livingston,30,7,148,23,45,0,1,12,14,5,19,24,20,2,2,9,14,58,.511,.000,.857,21.1,8.3,3.4,2.9,0.3,0.3,2016
Leandro Barbosa,33,6,79,18,28,5,10,8,11,2,4,6,5,3,1,3,9,49,.643,.500,.727,13.2,8.2,1.0,0.8,0.5,0.2,2016
Andrew Bogut,31,5,60,8,17,0,1,0,0,9,6,15,3,2,10,5,13,16,.471,.000,,12.0,3.2,3.0,0.6,0.4,2.0,2016
Festus Ezeli,26,7,61,6,20,0,0,2,4,7,6,13,3,1,1,2,10,14,.300,,.500,8.7,2.0,1.9,0.4,0.1,0.1,2016
Marreese Speights,28,7,33,4,18,4,10,2,2,3,6,9,2,1,2,2,6,14,.222,.400,1.000,4.7,2.0,1.3,0.3,0.1,0.3,2016
Ian Clark,24,4,19,5,8,3,5,0,0,1,2,3,2,0,0,3,2,13,.625,.600,,4.8,3.3,0.8,0.5,0.0,0.0,2016
Anderson Varejão,33,6,41,0,4,0,0,7,14,6,2,8,6,1,0,2,11,7,.000,,.500,6.8,1.2,1.3,1.0,0.2,0.0,2016
James Michael McAdoo,23,3,18,2,2,0,0,0,0,0,4,4,1,0,0,0,5,4,1.000,,,6.0,1.3,1.3,0.3,0.0,0.0,2016
Brandon Rush,30,5,28,0,3,0,1,1,2,0,5,5,0,2,1,1,2,1,.000,.000,.500,5.6,0.2,1.0,0.0,0.4,0.2,2016
Team Totals,,7,1681,249,578,94,252,107,145,72,207,279,158,46,40,96,150,699,.431,.373,.738,240.1,99.9,39.9,22.6,6.6,5.7,2016
Kyrie Irving,23,7,273,72,154,15,37,31,33,8,19,27,27,15,5,18,18,190,.468,.405,.939,39.0,27.1,3.9,3.9,2.1,0.7,2016
J.R. Smith,30,7,261,26,65,16,45,6,9,2,17,19,11,10,2,5,27,74,.400,.356,.667,37.3,10.6,2.7,1.6,1.4,0.3,2016
Tristan Thompson,24,7,226,28,44,0,0,16,30,27,44,71,5,2,6,3,21,72,.636,,.533,32.3,10.3,10.1,0.7,0.3,0.9,2016
Kevin Love,27,6,158,17,47,5,19,12,17,8,33,41,8,4,2,9,12,51,.362,.263,.706,26.3,8.5,6.8,1.3,0.7,0.3,2016
Richard Jefferson,35,7,168,16,31,1,6,7,11,12,25,37,3,9,1,8,16,40,.516,.167,.636,24.0,5.7,5.3,0.4,1.3,0.1,2016
Iman Shumpert,25,7,128,7,23,4,15,3,3,3,8,11,1,1,2,7,10,21,.304,.267,1.000,18.3,3.0,1.6,0.1,0.1,0.3,2016
Matthew Dellavedova,25,6,46,5,19,1,6,5,6,2,1,3,6,0,0,3,7,16,.263,.167,.833,7.7,2.7,0.5,1.0,0.0,0.0,2016
Mo Williams,33,6,29,4,12,1,5,0,0,0,3,3,1,3,0,5,3,9,.333,.200,,4.8,1.5,0.5,0.2,0.5,0.0,2016
Dahntay Jones,35,6,18,2,4,0,0,4,5,0,2,2,0,0,1,0,2,8,.500,,.800,3.0,1.3,0.3,0.0,0.0,0.2,2016
Timofey Mozgov,29,5,25,2,6,0,0,3,4,3,5,8,0,3,1,4,8,7,.333,,.750,5.0,1.4,1.6,0.0,0.6,0.2,2016
Jordan McRae,24,1,3,2,2,0,0,0,0,0,1,1,0,0,0,0,0,4,1.000,,,3.0,4.0,1.0,0.0,0.0,0.0,2016
Channing Frye,32,4,33,0,3,0,1,2,2,0,3,3,0,0,2,0,5,2,.000,.000,1.000,8.3,0.5,0.8,0.0,0.0,0.5,2016
James Jones,35,5,20,0,1,0,1,1,4,0,2,2,2,0,0,0,2,1,.000,.000,.250,4.0,0.2,0.4,0.4,0.0,0.0,2016
Team Totals,,7,1680,263,577,56,170,121,167,82,225,307,126,65,38,93,147,703,.456,.329,.725,240.0,100.4,43.9,18.0,9.3,5.4,2016
Timofey Mozgov,28,6,170,27,49,0,0,30,40,18,27,45,6,3,9,15,13,84,.551,,.750,28.3,14.0,7.5,1.0,0.5,1.5,2015
J.R. Smith,29,6,202,24,77,15,51,6,10,2,24,26,6,3,5,4,19,69,.312,.294,.600,33.7,11.5,4.3,1.0,0.5,0.8,2015
Tristan Thompson,23,6,247,24,48,0,0,12,20,32,46,78,2,4,6,5,16,60,.500,,.600,41.2,10.0,13.0,0.3,0.7,1.0,2015
Matthew Dellavedova,24,6,191,15,53,6,26,9,11,4,12,16,16,7,0,15,19,45,.283,.231,.818,31.8,7.5,2.7,2.7,1.2,0.0,2015
Iman Shumpert,24,6,215,11,43,8,25,9,14,6,17,23,4,11,4,7,19,39,.256,.320,.643,35.8,6.5,3.8,0.7,1.8,0.7,2015
Kyrie Irving,22,1,44,10,22,2,8,1,1,2,5,7,6,4,2,1,5,23,.455,.250,1.000,44.0,23.0,7.0,6.0,4.0,2.0,2015
James Jones,34,6,113,6,19,4,13,4,4,0,8,8,2,4,1,4,19,20,.316,.308,1.000,18.8,3.3,1.3,0.3,0.7,0.2,2015
Mike Miller,34,5,28,1,2,1,2,0,0,0,1,1,0,1,0,1,3,3,.500,.500,,5.6,0.6,0.2,0.0,0.2,0.0,2015
Kendrick Perkins,30,1,3,0,2,0,0,2,2,0,1,1,0,0,0,0,1,2,.000,,1.000,3.0,2.0,1.0,0.0,0.0,0.0,2015
Joe Harris,23,2,3,0,0,0,0,1,2,0,0,0,0,0,0,0,0,1,,,.500,1.5,0.5,0.0,0.0,0.0,0.0,2015
Team Totals,,6,1490,196,511,49,167,120,171,75,210,285,95,45,30,73,133,561,.384,.293,.702,248.3,93.5,47.5,15.8,7.5,5.0,2015
Andre Iguodala,31,6,222,37,71,14,35,10,28,6,29,35,24,8,2,6,18,98,.521,.400,.357,37.0,16.3,5.8,4.0,1.3,0.3,2015
Klay Thompson,24,6,227,36,88,12,40,11,12,2,24,26,10,3,6,5,20,95,.409,.300,.917,37.8,15.8,4.3,1.7,0.5,1.0,2015
Draymond Green,24,6,222,24,63,5,19,25,34,8,42,50,30,13,7,13,28,78,.381,.263,.735,37.0,13.0,8.3,5.0,2.2,1.2,2015
Harrison Barnes,22,6,198,19,51,8,19,7,9,18,17,35,5,5,3,4,17,53,.373,.421,.778,33.0,8.8,5.8,0.8,0.8,0.5,2015
Leandro Barbosa,32,6,64,12,26,3,7,4,4,2,8,10,3,3,1,4,7,31,.462,.429,1.000,10.7,5.2,1.7,0.5,0.5,0.2,2015
Shaun Livingston,29,6,120,12,25,0,1,6,8,5,16,21,13,2,2,6,11,30,.480,.000,.750,20.0,5.0,3.5,2.2,0.3,0.3,2015
Festus Ezeli,25,5,50,7,15,0,0,8,11,7,10,17,2,0,3,4,9,22,.467,,.727,10.0,4.4,3.4,0.4,0.0,0.6,2015
David Lee,31,4,39,8,15,0,0,6,11,2,8,10,6,1,0,1,8,22,.533,,.545,9.8,5.5,2.5,1.5,0.3,0.0,2015
Andrew Bogut,30,4,74,4,9,0,0,2,4,5,19,24,6,1,5,4,11,10,.444,,.500,18.5,2.5,6.0,1.5,0.3,1.3,2015
Marreese Speights,27,3,16,4,13,0,0,1,2,3,2,5,1,1,0,1,3,9,.308,,.500,5.3,3.0,1.7,0.3,0.3,0.0,2015
Justin Holiday,25,1,2,0,0,0,0,0,0,0,0,0,0,0,0,0,0,0,,,,2.0,0.0,0.0,0.0,0.0,0.0,2015
James Michael McAdoo,22,1,1,0,0,0,0,0,0,0,1,1,0,0,0,0,0,0,,,,1.0,0.0,1.0,0.0,0.0,0.0,2015
Team Totals,,6,1490,217,498,67,186,103,149,63,202,265,138,48,30,76,145,604,.436,.360,.691,248.3,100.7,44.2,23.0,8.0,5.0,2015
Dwyane Wade,32,5,172,28,64,2,6,18,26,3,16,19,13,8,0,18,14,76,.438,.333,.692,34.4,15.2,3.8,2.6,1.6,0.0,2014
Chris Bosh,29,5,181,28,51,5,13,9,11,3,23,26,5,4,1,4,12,70,.549,.385,.818,36.2,14.0,5.2,1.0,0.8,0.2,2014
Ray Allen,38,5,155,17,41,9,22,6,7,5,10,15,9,8,1,8,14,49,.415,.409,.857,31.0,9.8,3.0,1.8,1.6,0.2,2014
Rashard Lewis,34,5,114,16,32,10,22,1,2,0,8,8,2,0,2,1,10,43,.500,.455,.500,22.8,8.6,1.6,0.4,0.0,0.4,2014
Mario Chalmers,27,5,116,7,21,1,7,7,9,0,7,7,14,5,1,10,16,22,.333,.143,.778,23.2,4.4,1.4,2.8,1.0,0.2,2014
Norris Cole,25,5,84,6,19,1,7,3,4,0,6,6,9,2,0,6,8,16,.316,.143,.750,16.8,3.2,1.2,1.8,0.4,0.0,2014
Chris Andersen,35,5,90,3,12,0,0,7,10,6,22,28,0,2,3,3,14,13,.250,,.700,18.0,2.6,5.6,0.0,0.4,0.6,2014
James Jones,33,4,14,4,7,3,6,0,0,0,2,2,0,0,0,0,4,11,.571,.500,,3.5,2.8,0.5,0.0,0.0,0.0,2014
Michael Beasley,25,1,17,4,7,0,0,1,3,2,1,3,1,0,0,1,2,9,.571,,.333,17.0,9.0,3.0,1.0,0.0,0.0,2014
Toney Douglas,27,3,10,1,4,1,4,1,2,0,3,3,2,0,0,1,1,4,.250,.250,.500,3.3,1.3,1.0,0.7,0.0,0.0,2014
Udonis Haslem,33,4,22,2,5,0,0,0,0,2,2,4,0,0,1,0,4,4,.400,,,5.5,1.0,1.0,0.0,0.0,0.3,2014
Shane Battier,35,4,33,0,2,0,2,0,0,0,1,1,1,1,0,1,5,0,.000,.000,,8.3,0.0,0.3,0.3,0.3,0.0,2014
Greg Oden,26,2,3,0,0,0,0,0,0,0,0,0,0,0,0,0,1,0,,,,1.5,0.0,0.0,0.0,0.0,0.0,2014
Team Totals,,5,1200,168,356,46,116,76,103,28,133,161,76,40,11,72,115,458,.472,.397,.738,240.0,91.6,32.2,15.2,8.0,2.2,2014
Kawhi Leonard,22,5,167,30,49,11,19,18,23,8,24,32,10,8,6,9,22,89,.612,.579,.783,33.4,17.8,6.4,2.0,1.6,1.2,2014
Tim Duncan,37,5,165,29,51,0,1,19,28,13,37,50,10,2,4,12,12,77,.569,.000,.679,33.0,15.4,10.0,2.0,0.4,0.8,2014
Manu Ginóbili,36,5,143,24,48,10,24,14,16,0,15,15,22,5,1,12,16,72,.500,.417,.875,28.6,14.4,3.0,4.4,1.0,0.2,2014
Patty Mills,25,5,76,19,35,13,23,0,0,1,6,7,8,2,0,1,5,51,.543,.565,,15.2,10.2,1.4,1.6,0.4,0.0,2014
Danny Green,26,5,106,17,32,9,20,3,4,2,8,10,6,10,2,6,14,46,.531,.450,.750,21.2,9.2,2.0,1.2,2.0,0.4,2014
Boris Diaw,31,5,176,12,33,3,9,4,8,9,34,43,29,4,1,8,5,31,.364,.333,.500,35.2,6.2,8.6,5.8,0.8,0.2,2014
Tiago Splitter,29,5,84,12,17,0,0,7,9,3,14,17,10,3,3,6,9,31,.706,,.778,16.8,6.2,3.4,2.0,0.6,0.6,2014
Marco Belinelli,27,5,59,8,17,4,9,3,4,0,6,6,3,1,0,3,3,23,.471,.444,.750,11.8,4.6,1.2,0.6,0.2,0.0,2014
Aron Baynes,27,3,6,2,2,0,0,2,2,2,0,2,0,0,0,0,0,6,1.000,,1.000,2.0,2.0,0.7,0.0,0.0,0.0,2014
Jeff Ayres,26,3,7,1,1,0,0,3,4,1,1,2,1,0,0,0,1,5,1.000,,.750,2.3,1.7,0.7,0.3,0.0,0.0,2014
Matt Bonner,33,4,27,1,1,0,0,3,4,0,3,3,5,1,0,0,2,5,1.000,,.750,6.8,1.3,0.8,1.3,0.3,0.0,2014
Cory Joseph,22,3,8,1,3,0,1,0,0,0,0,0,0,0,0,0,1,2,.333,.000,,2.7,0.7,0.0,0.0,0.0,0.0,2014
Team Totals,,5,1200,191,362,55,118,91,122,39,150,189,127,40,17,67,99,528,.528,.466,.746,240.0,105.6,37.8,25.4,8.0,3.4,2014
Tony Parker,30,7,246,42,102,2,7,24,33,3,10,13,45,7,1,15,7,110,.412,.286,.727,35.1,15.7,1.9,6.4,1.0,0.1,2013
Kawhi Leonard,21,7,255,41,80,8,23,12,17,21,57,78,6,14,3,7,16,102,.513,.348,.706,36.4,14.6,11.1,0.9,2.0,0.4,2013
Danny Green,25,7,248,32,72,27,49,7,8,6,23,29,5,7,11,8,24,98,.444,.551,.875,35.4,14.0,4.1,0.7,1.0,1.6,2013
Manu Ginóbili,35,7,199,26,60,7,28,22,28,1,14,15,30,5,0,22,23,81,.433,.250,.786,28.4,11.6,2.1,4.3,0.7,0.0,2013
Gary Neal,28,7,171,24,58,14,30,4,4,1,16,17,6,0,0,8,10,66,.414,.467,1.000,24.4,9.4,2.4,0.9,0.0,0.0,2013
Tiago Splitter,28,7,107,13,29,0,0,8,10,6,8,14,3,5,3,9,11,34,.448,,.800,15.3,4.9,2.0,0.4,0.7,0.4,2013
Boris Diaw,30,6,94,8,16,2,4,6,8,5,10,15,10,0,1,5,8,24,.500,.500,.750,15.7,4.0,2.5,1.7,0.0,0.2,2013
DeJuan Blair,23,3,17,5,11,0,0,1,3,2,6,8,1,2,0,0,1,11,.455,,.333,5.7,3.7,2.7,0.3,0.7,0.0,2013
Matt Bonner,32,6,36,4,10,1,4,2,2,0,7,7,1,1,0,0,2,11,.400,.250,1.000,6.0,1.8,1.2,0.2,0.2,0.0,2013
Cory Joseph,21,6,43,4,9,0,1,3,6,3,3,6,6,2,0,5,0,11,.444,.000,.500,7.2,1.8,1.0,1.0,0.3,0.0,2013
Patty Mills,24,2,13,2,5,0,3,0,0,0,1,1,0,0,0,0,0,4,.400,.000,,6.5,2.0,0.5,0.0,0.0,0.0,2013
Nando De Colo,25,2,5,0,0,0,0,0,0,0,1,1,1,0,0,0,0,0,,,,2.5,0.0,0.5,0.5,0.0,0.0,2013
Tracy McGrady,33,2,14,0,3,0,1,0,0,0,4,4,5,0,1,0,0,0,.000,.000,,7.0,0.0,2.0,2.5,0.0,0.5,2013
Team Totals,,7,1702,251,557,61,150,121,158,74,219,293,129,49,30,95,118,684,.451,.407,.766,243.1,97.7,41.9,18.4,7.0,4.3,2013
Dwyane Wade,31,7,255,60,126,0,0,17,22,9,19,28,32,13,9,16,10,137,.476,,.773,36.4,19.6,4.0,4.6,1.9,1.3,2013
Chris Bosh,28,7,240,36,78,0,6,11,15,20,42,62,15,13,11,7,19,83,.462,.000,.733,34.3,11.9,8.9,2.1,1.9,1.6,2013
Ray Allen,37,7,193,25,46,12,22,12,13,2,14,16,11,1,0,9,18,74,.543,.545,.923,27.6,10.6,2.3,1.6,0.1,0.0,2013
Mario Chalmers,26,7,221,26,67,13,32,9,13,1,18,19,15,5,0,18,18,74,.388,.406,.692,31.6,10.6,2.7,2.1,0.7,0.0,2013
Shane Battier,34,7,87,12,27,12,27,3,3,2,9,11,6,1,2,0,10,39,.444,.444,1.000,12.4,5.6,1.6,0.9,0.1,0.3,2013
Mike Miller,32,7,152,13,22,11,18,0,0,2,17,19,6,4,2,2,17,37,.591,.611,,21.7,5.3,2.7,0.9,0.6,0.3,2013
Chris Andersen,34,5,71,8,11,0,0,6,10,6,9,15,0,4,3,4,16,22,.727,,.600,14.2,4.4,3.0,0.0,0.8,0.6,2013
Norris Cole,24,5,82,6,22,2,6,1,2,1,4,5,12,4,1,5,9,15,.273,.333,.500,16.4,3.0,1.0,2.4,0.8,0.2,2013
Udonis Haslem,32,6,64,4,9,0,0,1,1,4,13,17,0,0,1,1,15,9,.444,,1.000,10.7,1.5,2.8,0.0,0.0,0.2,2013
James Jones,32,3,12,2,5,2,3,0,0,0,1,1,0,0,1,1,2,6,.400,.667,,4.0,2.0,0.3,0.0,0.0,0.3,2013
Rashard Lewis,33,3,12,2,6,0,0,0,0,1,1,2,2,0,0,2,0,4,.333,,,4.0,1.3,0.7,0.7,0.0,0.0,2013
Joel Anthony,30,4,15,1,2,0,0,0,0,4,3,7,0,0,0,0,1,2,.500,,,3.8,0.5,1.8,0.0,0.0,0.0,2013
Team Totals,,7,1705,262,571,64,148,91,118,69,209,278,148,61,36,83,145,679,.459,.432,.771,243.6,97.0,39.7,21.1,8.7,5.1,2013
Russell Westbrook,23,5,211,52,120,3,22,28,34,4,28,32,33,5,2,11,12,135,.433,.136,.824,42.2,27.0,6.4,6.6,1.0,0.4,2012
James Harden,22,5,164,18,48,7,22,19,24,4,20,24,18,6,0,12,18,62,.375,.318,.792,32.8,12.4,4.8,3.6,1.2,0.0,2012
Serge Ibaka,22,5,132,14,33,0,0,7,11,8,18,26,4,2,10,1,12,35,.424,,.636,26.4,7.0,5.2,0.8,0.4,2.0,2012
Derek Fisher,37,5,128,11,26,5,14,1,1,1,7,8,4,5,0,0,10,28,.423,.357,1.000,25.6,5.6,1.6,0.8,1.0,0.0,2012
Kendrick Perkins,27,5,116,9,21,0,0,6,8,12,22,34,0,1,3,6,13,24,.429,,.750,23.2,4.8,6.8,0.0,0.2,0.6,2012
Thabo Sefolosha,27,5,130,8,27,2,11,5,6,3,7,10,5,7,4,4,11,23,.296,.182,.833,26.0,4.6,2.0,1.0,1.4,0.8,2012
Nick Collison,31,5,83,9,15,0,0,0,2,11,12,23,3,3,1,2,14,18,.600,,.000,16.6,3.6,4.6,0.6,0.6,0.2,2012
Royal Ivey,30,1,3,2,2,2,2,0,0,0,0,0,0,0,0,0,0,6,1.000,1.000,,3.0,6.0,0.0,0.0,0.0,0.0,2012
Cole Aldrich,23,1,5,1,1,0,0,0,0,0,1,1,0,0,0,0,0,2,1.000,,,5.0,2.0,1.0,0.0,0.0,0.0,2012
Daequan Cook,24,3,11,1,3,0,1,0,2,0,0,0,1,0,0,0,1,2,.333,.000,.000,3.7,0.7,0.0,0.3,0.0,0.0,2012
Lazar Hayward,25,1,5,1,2,0,0,0,0,0,2,2,0,0,0,0,1,2,.500,,,5.0,2.0,2.0,0.0,0.0,0.0,2012
Team Totals,,5,1201,183,402,32,105,92,119,49,141,190,79,36,25,55,112,490,.455,.305,.773,240.2,98.0,38.0,15.8,7.2,5.0,2012
Dwyane Wade,30,5,203,40,92,2,5,31,40,6,24,30,26,7,6,14,15,113,.435,.400,.775,40.6,22.6,6.0,5.2,1.4,1.2,2012
Chris Bosh,27,5,183,28,62,2,5,15,17,15,32,47,1,3,6,5,9,73,.452,.400,.882,36.6,14.6,9.4,0.2,0.6,1.2,2012
Shane Battier,33,5,187,19,31,15,26,5,7,2,15,17,2,4,0,1,17,58,.613,.577,.714,37.4,11.6,3.4,0.4,0.8,0.0,2012
Mario Chalmers,25,5,183,19,43,8,23,6,7,1,12,13,20,9,2,10,14,52,.442,.348,.857,36.6,10.4,2.6,4.0,1.8,0.4,2012
Mike Miller,31,5,44,9,16,7,11,6,6,1,8,9,2,1,1,0,9,31,.563,.636,1.000,8.8,6.2,1.8,0.4,0.2,0.2,2012
Norris Cole,23,4,44,5,15,3,7,0,0,0,4,4,0,0,0,1,8,13,.333,.429,,11.0,3.3,1.0,0.0,0.0,0.0,2012
Udonis Haslem,31,5,81,4,10,0,0,5,6,8,14,22,2,0,2,5,11,13,.400,,.833,16.2,2.6,4.4,0.4,0.0,0.4,2012
James Jones,31,4,43,3,6,2,5,3,3,1,5,6,0,1,0,2,5,11,.500,.400,1.000,10.8,2.8,1.5,0.0,0.3,0.0,2012
Terrel Harris,24,1,3,0,0,0,0,3,4,0,1,1,0,0,0,0,0,3,,,.750,3.0,3.0,1.0,0.0,0.0,0.0,2012
Joel Anthony,29,1,2,0,0,0,0,0,0,0,0,0,0,0,0,0,0,0,,,,2.0,0.0,0.0,0.0,0.0,0.0,2012
Juwan Howard,38,1,3,0,1,0,0,0,0,0,0,0,0,0,0,0,0,0,.000,,,3.0,0.0,0.0,0.0,0.0,0.0,2012
Ronny Turiaf,29,1,3,0,0,0,0,0,0,0,1,1,0,0,0,0,0,0,,,,3.0,0.0,1.0,0.0,0.0,0.0,2012
Team Totals,,5,1199,178,384,42,98,112,136,49,152,201,90,33,19,57,98,510,.464,.429,.824,239.8,102.0,40.2,18.0,6.6,3.8,2012
Chris Bosh,26,6,237,38,92,0,1,35,45,15,29,44,6,1,3,13,15,111,.413,.000,.778,39.5,18.5,7.3,1.0,0.2,0.5,2011
LeBron James,26,6,262,43,90,9,28,12,20,6,37,43,41,10,3,24,20,107,.478,.321,.600,43.7,17.8,7.2,6.8,1.7,0.5,2011
Mario Chalmers,24,6,174,20,47,14,35,17,23,2,14,16,21,10,0,10,13,71,.426,.400,.739,29.0,11.8,2.7,3.5,1.7,0.0,2011
Udonis Haslem,30,6,176,18,40,0,0,4,5,7,24,31,4,3,3,5,19,40,.450,,.800,29.3,6.7,5.2,0.7,0.5,0.5,2011
Mike Miller,30,6,94,7,23,7,18,0,0,3,14,17,5,5,1,4,15,21,.304,.389,,15.7,3.5,2.8,0.8,0.8,0.2,2011
Mike Bibby,32,5,87,7,20,5,17,0,0,1,6,7,5,7,1,3,9,19,.350,.294,,17.4,3.8,1.4,1.0,1.4,0.2,2011
Eddie House,32,2,25,3,9,3,8,0,0,0,4,4,1,2,0,1,4,9,.333,.375,,12.5,4.5,2.0,0.5,1.0,0.0,2011
Juwan Howard,37,5,29,3,5,0,0,3,6,3,3,6,1,0,0,1,5,9,.600,,.500,5.8,1.8,1.2,0.2,0.0,0.0,2011
Joel Anthony,28,6,123,4,14,0,0,0,0,12,9,21,2,1,7,1,14,8,.286,,,20.5,1.3,3.5,0.3,0.2,1.2,2011
Team Totals,,6,1441,202,448,45,130,105,148,64,167,231,117,48,27,77,128,554,.451,.346,.709,240.2,92.3,38.5,19.5,8.0,4.5,2011
Jason Terry,33,6,195,38,77,11,28,21,28,3,9,12,19,8,0,8,10,108,.494,.393,.750,32.5,18.0,2.0,3.2,1.3,0.0,2011
Shawn Marion,32,6,215,34,71,0,1,14,17,14,24,38,14,5,4,14,13,82,.479,.000,.824,35.8,13.7,6.3,2.3,0.8,0.7,2011
Tyson Chandler,28,6,224,19,32,0,0,20,32,24,29,53,4,7,7,3,24,58,.594,,.625,37.3,9.7,8.8,0.7,1.2,1.2,2011
J.J. Barea,26,6,128,21,55,6,18,5,7,4,9,13,19,3,0,9,10,53,.382,.333,.714,21.3,8.8,2.2,3.2,0.5,0.0,2011
Jason Kidd,37,6,225,14,36,12,28,6,8,2,25,27,38,7,5,21,6,46,.389,.429,.750,37.5,7.7,4.5,6.3,1.2,0.8,2011
DeShawn Stevenson,29,6,103,13,24,13,23,3,4,1,8,9,2,4,1,1,9,42,.542,.565,.750,17.2,7.0,1.5,0.3,0.7,0.2,2011
Ian Mahinmi,24,3,27,3,5,0,0,3,5,3,2,5,0,1,0,0,13,9,.600,,.600,9.0,3.0,1.7,0.0,0.3,0.0,2011
Brian Cardinal,33,5,30,2,3,2,3,1,2,0,1,1,1,1,0,3,8,7,.667,.667,.500,6.0,1.4,0.2,0.2,0.2,0.0,2011
Brendan Haywood,31,3,25,1,3,0,0,3,6,2,5,7,0,1,3,1,6,5,.333,,.500,8.3,1.7,2.3,0.0,0.3,1.0,2011
Peja Stojaković,33,4,26,1,5,0,4,0,0,0,3,3,0,2,0,2,4,2,.200,.000,,6.5,0.5,0.8,0.0,0.5,0.0,2011
Team Totals,,6,1440,198,436,51,124,121,155,55,171,226,109,43,24,79,118,568,.454,.411,.781,240.0,94.7,37.7,18.2,7.2,4.0,2011
Kevin Garnett,33,7,222,45,88,0,1,17,19,8,31,39,21,10,9,11,28,107,.511,.000,.895,31.7,15.3,5.6,3.0,1.4,1.3,2010
Ray Allen,34,7,276,33,90,12,41,24,25,4,15,19,12,5,0,12,23,102,.367,.293,.960,39.4,14.6,2.7,1.7,0.7,0.0,2010
Rajon Rondo,23,7,272,44,97,2,6,5,19,16,28,44,53,11,2,19,12,95,.454,.333,.263,38.9,13.6,6.3,7.6,1.6,0.3,2010
Glen Davis,24,7,144,18,39,0,0,11,16,16,23,39,3,6,3,7,17,47,.462,,.688,20.6,6.7,5.6,0.4,0.9,0.4,2010
Rasheed Wallace,35,7,144,15,41,5,21,2,2,3,29,32,6,3,5,3,26,37,.366,.238,1.000,20.6,5.3,4.6,0.9,0.4,0.7,2010
Kendrick Perkins,25,6,141,12,21,0,0,11,17,14,21,35,6,1,0,8,16,35,.571,,.647,23.5,5.8,5.8,1.0,0.2,0.0,2010
Nate Robinson,25,7,71,12,30,5,15,5,5,2,6,8,13,1,0,4,6,34,.400,.333,1.000,10.1,4.9,1.1,1.9,0.1,0.0,2010
Tony Allen,28,7,103,8,24,0,1,6,7,3,4,7,3,7,5,5,16,22,.333,.000,.857,14.7,3.1,1.0,0.4,1.0,0.7,2010
Marquis Daniels,29,2,4,1,2,1,1,2,2,1,0,1,0,0,0,1,1,5,.500,1.000,1.000,2.0,2.5,0.5,0.0,0.0,0.0,2010
Michael Finley,36,2,5,0,1,0,1,0,0,0,0,0,0,0,0,0,0,0,.000,.000,,2.5,0.0,0.0,0.0,0.0,0.0,2010
Brian Scalabrine,31,1,1,0,0,0,0,0,0,0,0,0,0,0,0,0,0,0,,,,1.0,0.0,0.0,0.0,0.0,0.0,2010
Shelden Williams,26,2,18,0,2,0,0,0,0,0,4,4,0,0,0,4,4,0,.000,,,9.0,0.0,2.0,0.0,0.0,0.0,2010
Team Totals,,7,1679,231,533,33,107,115,149,71,194,265,138,49,30,92,174,610,.433,.308,.772,239.9,87.1,37.9,19.7,7.0,4.3,2010
Pau Gasol,29,7,293,43,90,0,2,44,61,35,46,81,26,5,18,13,21,130,.478,.000,.721,41.9,18.6,11.6,3.7,0.7,2.6,2010
Metta World Peace,30,7,251,26,72,11,32,11,20,12,20,32,9,10,4,11,24,74,.361,.344,.550,35.9,10.6,4.6,1.3,1.4,0.6,2010
Derek Fisher,35,7,214,21,50,2,10,16,17,3,18,21,14,6,0,9,25,60,.420,.200,.941,30.6,8.6,3.0,2.0,0.9,0.0,2010
Lamar Odom,30,7,192,23,47,1,10,6,11,10,36,46,9,4,4,10,23,53,.489,.100,.545,27.4,7.6,6.6,1.3,0.6,0.6,2010
Andrew Bynum,22,7,175,19,42,0,0,14,20,16,20,36,0,1,9,6,17,52,.452,,.700,25.0,7.4,5.1,0.0,0.1,1.3,2010
Shannon Brown,24,7,84,9,20,0,3,3,3,0,6,6,3,0,1,0,5,21,.450,.000,1.000,12.0,3.0,0.9,0.4,0.0,0.1,2010
Jordan Farmar,23,7,88,9,28,2,10,1,2,1,7,8,6,8,0,8,5,21,.321,.200,.500,12.6,3.0,1.1,0.9,1.1,0.0,2010
Sasha Vujačić,25,7,52,6,16,4,10,5,6,3,4,7,5,2,0,1,5,21,.375,.400,.833,7.4,3.0,1.0,0.7,0.3,0.0,2010
Luke Walton,29,4,31,1,3,0,0,0,0,0,2,2,3,0,2,2,3,2,.333,,,7.8,0.5,0.5,0.8,0.0,0.5,2010
D.J. Mbenga,29,1,3,0,1,0,0,0,0,0,1,1,0,0,0,0,1,0,.000,,,3.0,0.0,1.0,0.0,0.0,0.0,2010
Josh Powell,27,2,8,0,2,0,1,0,0,0,1,1,0,0,0,0,0,0,.000,.000,,4.0,0.0,0.5,0.0,0.0,0.0,2010
Team Totals,,7,1679,223,534,35,125,153,200,92,205,297,102,51,43,87,156,634,.418,.280,.765,239.9,90.6,42.4,14.6,7.3,6.1,2010
Rashard Lewis,29,5,212,30,74,16,40,11,13,9,29,38,20,4,0,10,15,87,.405,.400,.846,42.4,17.4,7.6,4.0,0.8,0.0,2009
Dwight Howard,23,5,213,21,43,0,0,35,58,18,58,76,11,8,20,20,20,77,.488,,.603,42.6,15.4,15.2,2.2,1.6,4.0,2009
Rafer Alston,32,5,147,21,57,3,19,8,10,1,10,11,15,4,0,8,10,53,.368,.158,.800,29.4,10.6,2.2,3.0,0.8,0.0,2009
Mickaël Piétrus,26,5,140,19,40,4,12,11,14,2,8,10,2,3,1,3,16,53,.475,.333,.786,28.0,10.6,2.0,0.4,0.6,0.2,2009
Courtney Lee,23,5,88,12,32,2,11,3,4,2,5,7,1,3,0,3,13,29,.375,.182,.750,17.6,5.8,1.4,0.2,0.6,0.0,2009
JJ Redick,24,4,65,8,20,5,11,1,1,1,1,2,8,1,0,2,4,22,.400,.455,1.000,16.3,5.5,0.5,2.0,0.3,0.0,2009
Jameer Nelson,26,5,90,8,23,1,6,2,4,1,6,7,14,1,0,7,3,19,.348,.167,.500,18.0,3.8,1.4,2.8,0.2,0.0,2009
Marcin Gortat,24,5,53,7,15,0,0,2,4,2,11,13,0,2,5,3,5,16,.467,,.500,10.6,3.2,2.6,0.0,0.4,1.0,2009
Tony Battie,32,5,35,5,11,0,0,0,0,1,3,4,2,0,2,1,5,10,.455,,,7.0,2.0,0.8,0.4,0.0,0.4,2009
Team Totals,,5,1249,161,376,38,115,96,139,38,153,191,92,30,30,70,110,456,.428,.330,.691,249.8,91.2,38.2,18.4,6.0,6.0,2009
Pau Gasol,28,5,212,36,60,0,0,21,27,10,36,46,11,4,9,5,15,93,.600,,.778,42.4,18.6,9.2,2.2,0.8,1.8,2009
Lamar Odom,29,5,169,26,48,4,8,11,16,10,29,39,4,5,5,9,21,67,.542,.500,.688,33.8,13.4,7.8,0.8,1.0,1.0,2009
Trevor Ariza,23,5,188,20,56,10,24,5,10,9,21,30,8,9,1,5,16,55,.357,.417,.500,37.6,11.0,6.0,1.6,1.8,0.2,2009
Derek Fisher,34,5,179,21,42,7,16,6,6,3,12,15,9,6,0,3,16,55,.500,.438,1.000,35.8,11.0,3.0,1.8,1.2,0.0,2009
Andrew Bynum,21,5,95,12,33,0,0,6,9,10,11,21,3,2,3,3,21,30,.364,,.667,19.0,6.0,4.2,0.6,0.4,0.6,2009
Luke Walton,28,5,76,8,10,0,1,3,6,3,7,10,5,1,0,2,9,19,.800,.000,.500,15.2,3.8,2.0,1.0,0.2,0.0,2009
Jordan Farmar,22,5,57,7,19,1,8,2,2,2,4,6,2,2,0,3,4,17,.368,.125,1.000,11.4,3.4,1.2,0.4,0.4,0.0,2009
Josh Powell,26,2,11,2,4,1,1,0,0,2,2,4,1,0,0,2,2,5,.500,1.000,,5.5,2.5,2.0,0.5,0.0,0.0,2009
Shannon Brown,23,3,16,0,2,0,0,0,0,1,0,1,0,0,0,0,1,0,.000,,,5.3,0.0,0.3,0.0,0.0,0.0,2009
D.J. Mbenga,28,3,6,0,1,0,0,0,0,0,1,1,0,0,1,1,0,0,.000,,,2.0,0.0,0.3,0.0,0.0,0.3,2009
Sasha Vujačić,24,5,22,0,6,0,3,0,0,0,2,2,2,0,0,1,3,0,.000,.000,,4.4,0.0,0.4,0.4,0.0,0.0,2009
Team Totals,,5,1250,190,416,32,86,91,120,53,150,203,82,36,26,50,121,503,.457,.372,.758,250.0,100.6,40.6,16.4,7.2,5.2,2009
Pau Gasol,27,6,234,33,62,0,0,22,34,12,49,61,20,3,3,13,20,88,.532,,.647,39.0,14.7,10.2,3.3,0.5,0.5,2008
Lamar Odom,28,6,220,31,60,1,5,18,28,12,42,54,18,2,6,16,23,81,.517,.200,.643,36.7,13.5,9.0,3.0,0.3,1.0,2008
Derek Fisher,33,6,187,17,42,3,16,28,34,2,7,9,19,9,0,9,17,65,.405,.188,.824,31.2,10.8,1.5,3.2,1.5,0.0,2008
Sasha Vujačić,23,6,132,18,46,8,23,6,7,3,9,12,5,3,1,5,14,50,.391,.348,.857,22.0,8.3,2.0,0.8,0.5,0.2,2008
Vladimir Radmanović,27,6,128,16,41,10,26,2,2,6,23,29,8,4,0,4,22,44,.390,.385,1.000,21.3,7.3,4.8,1.3,0.7,0.0,2008
Jordan Farmar,21,6,115,15,31,9,17,3,4,1,10,11,8,2,3,5,7,42,.484,.529,.750,19.2,7.0,1.8,1.3,0.3,0.5,2008
Luke Walton,27,6,66,5,16,2,6,3,4,2,4,6,7,1,1,3,13,15,.313,.333,.750,11.0,2.5,1.0,1.2,0.2,0.2,2008
Trevor Ariza,22,5,35,5,9,1,3,2,4,3,6,9,1,1,1,1,6,13,.556,.333,.500,7.0,2.6,1.8,0.2,0.2,0.2,2008
Ronny Turiaf,25,6,62,5,10,0,0,1,4,0,4,4,0,0,3,1,13,11,.500,,.250,10.3,1.8,0.7,0.0,0.0,0.5,2008
Chris Mihm,28,1,3,0,1,0,0,0,0,0,0,0,0,0,0,1,2,0,.000,,,3.0,0.0,0.0,0.0,0.0,0.0,2008
Team Totals,,6,1440,198,449,43,124,124,170,49,174,223,116,41,19,81,156,563,.441,.347,.729,240.0,93.8,37.2,19.3,6.8,3.2,2008
Ray Allen,32,6,246,37,73,22,42,26,30,8,22,30,15,8,4,11,16,122,.507,.524,.867,41.0,20.3,5.0,2.5,1.3,0.7,2008
Kevin Garnett,31,6,228,45,105,0,1,19,25,22,56,78,18,10,6,16,16,109,.429,.000,.760,38.0,18.2,13.0,3.0,1.7,1.0,2008
Rajon Rondo,21,6,162,20,53,0,3,16,27,7,16,23,40,9,3,9,13,56,.377,.000,.593,27.0,9.3,3.8,6.7,1.5,0.5,2008
James Posey,31,6,151,14,28,12,24,12,12,3,20,23,3,8,1,5,16,52,.500,.500,1.000,25.2,8.7,3.8,0.5,1.3,0.2,2008
Leon Powe,24,6,53,11,20,0,0,15,21,7,12,19,0,0,0,2,13,37,.550,,.714,8.8,6.2,3.2,0.0,0.0,0.0,2008
Eddie House,29,4,74,10,28,7,17,5,6,0,10,10,10,1,0,2,4,32,.357,.412,.833,18.5,8.0,2.5,2.5,0.3,0.0,2008
P.J. Brown,38,6,117,9,23,0,0,6,8,5,14,19,4,3,3,2,19,24,.391,,.750,19.5,4.0,3.2,0.7,0.5,0.5,2008
Kendrick Perkins,23,5,92,8,14,0,0,4,6,8,10,18,2,3,5,6,21,20,.571,,.667,18.4,4.0,3.6,0.4,0.6,1.0,2008
Sam Cassell,38,5,51,9,24,0,6,1,1,0,1,1,6,2,0,2,4,19,.375,.000,1.000,10.2,3.8,0.2,1.2,0.4,0.0,2008
Tony Allen,26,3,19,4,6,0,0,0,0,0,1,1,2,1,0,0,0,8,.667,,,6.3,2.7,0.3,0.7,0.3,0.0,2008
Glen Davis,22,1,15,1,2,0,0,1,2,2,2,4,0,0,0,0,2,3,.500,,.500,15.0,3.0,4.0,0.0,0.0,0.0,2008
Team Totals,,6,1441,206,464,52,121,149,191,65,188,253,138,52,24,77,148,613,.444,.430,.780,240.2,102.2,42.2,23.0,8.7,4.0,2008
Drew Gooden,25,4,110,22,44,0,1,7,8,12,21,33,1,1,2,5,14,51,.500,.000,.875,27.5,12.8,8.3,0.3,0.3,0.5,2007
Daniel Gibson,20,4,139,18,41,6,19,1,1,1,6,7,10,6,0,0,8,43,.439,.316,1.000,34.8,10.8,1.8,2.5,1.5,0.0,2007
Sasha Pavlović,23,4,127,16,44,5,12,2,6,4,6,10,3,2,0,5,10,39,.364,.417,.333,31.8,9.8,2.5,0.8,0.5,0.0,2007
Zydrunas Ilgauskas,31,4,103,13,37,0,0,5,6,18,23,41,2,2,4,4,10,31,.351,,.833,25.8,7.8,10.3,0.5,0.5,1.0,2007
Anderson Varejão,24,4,98,10,15,0,0,10,16,6,15,21,3,5,2,2,12,30,.667,,.625,24.5,7.5,5.3,0.8,1.3,0.5,2007
Damon Jones,30,4,65,5,11,5,9,3,3,1,4,5,4,0,0,0,2,18,.455,.556,1.000,16.3,4.5,1.3,1.0,0.0,0.0,2007
Donyell Marshall,33,4,61,5,16,2,11,3,4,2,7,9,5,3,0,2,8,15,.313,.182,.750,15.3,3.8,2.3,1.3,0.8,0.0,2007
Eric Snow,33,4,41,2,5,0,0,1,2,1,3,4,9,1,1,1,1,5,.400,,.500,10.3,1.3,1.0,2.3,0.3,0.3,2007
Larry Hughes,28,2,44,1,10,0,2,0,0,0,5,5,2,1,0,2,3,2,.100,.000,,22.0,1.0,2.5,1.0,0.5,0.0,2007
Shannon Brown,21,1,0,0,0,0,0,0,0,0,0,0,0,0,0,0,0,0,,,,0.0,0.0,0.0,0.0,0.0,0.0,2007
Ira Newble,32,1,1,0,1,0,1,0,0,0,1,1,0,0,0,0,0,0,.000,.000,,1.0,0.0,1.0,0.0,0.0,0.0,2007
Scot Pollard,31,1,1,0,0,0,0,0,0,0,0,0,0,0,0,0,0,0,,,,1.0,0.0,0.0,0.0,0.0,0.0,2007
Team Totals,,4,960,124,314,22,75,52,75,49,115,164,66,25,11,44,76,322,.395,.293,.693,240.0,80.5,41.0,16.5,6.3,2.8,2007
Tim Duncan,30,4,149,29,65,0,0,15,24,16,30,46,15,5,9,11,13,73,.446,,.625,37.3,18.3,11.5,3.8,1.3,2.3,2007
Manu Ginóbili,29,4,117,18,49,10,23,25,30,1,22,23,10,5,0,9,15,71,.367,.435,.833,29.3,17.8,5.8,2.5,1.3,0.0,2007
Bruce Bowen,35,4,167,8,27,7,18,1,4,3,19,22,5,2,1,3,7,24,.296,.389,.250,41.8,6.0,5.5,1.3,0.5,0.3,2007
Fabricio Oberto,31,4,83,8,17,0,0,1,3,7,10,17,2,1,0,4,11,17,.471,,.333,20.8,4.3,4.3,0.5,0.3,0.0,2007
Francisco Elson,30,4,46,6,6,0,0,4,5,6,4,10,0,1,0,3,5,16,1.000,,.800,11.5,4.0,2.5,0.0,0.3,0.0,2007
Michael Finley,33,4,74,6,23,1,12,2,3,1,7,8,3,5,0,2,4,15,.261,.083,.667,18.5,3.8,2.0,0.8,1.3,0.0,2007
Brent Barry,35,4,42,4,11,4,10,0,0,1,5,6,2,1,0,3,3,12,.364,.400,,10.5,3.0,1.5,0.5,0.3,0.0,2007
Robert Horry,36,4,88,3,9,3,8,3,4,4,14,18,13,1,5,5,7,12,.333,.375,.750,22.0,3.0,4.5,3.3,0.3,1.3,2007
Jacque Vaughn,31,4,41,4,7,0,0,0,0,1,4,5,4,0,0,0,2,8,.571,,,10.3,2.0,1.3,1.0,0.0,0.0,2007
Beno Udrih,24,2,1,0,0,0,0,0,0,0,0,0,0,0,0,0,0,0,,,,0.5,0.0,0.0,0.0,0.0,0.0,2007
Team Totals,,4,959,128,288,29,78,61,92,43,132,175,67,24,15,52,72,346,.444,.372,.663,239.8,86.5,43.8,16.8,6.0,3.8,2007
Jason Terry,28,6,240,54,113,13,41,11,15,1,12,13,21,11,0,15,11,132,.478,.317,.733,40.0,22.0,2.2,3.5,1.8,0.0,2006
Josh Howard,25,6,231,31,80,5,19,21,26,10,39,49,11,7,4,15,26,88,.388,.263,.808,38.5,14.7,8.2,1.8,1.2,0.7,2006
Jerry Stackhouse,31,5,150,22,62,7,19,13,14,5,12,17,15,4,3,11,10,64,.355,.368,.929,30.0,12.8,3.4,3.0,0.8,0.6,2006
Devin Harris,22,6,147,16,44,0,3,12,16,3,2,5,17,5,0,11,21,44,.364,.000,.750,24.5,7.3,0.8,2.8,0.8,0.0,2006
Erick Dampier,30,6,148,13,18,0,0,8,16,16,33,49,2,6,4,8,22,34,.722,,.500,24.7,5.7,8.2,0.3,1.0,0.7,2006
Adrian Griffin,31,6,82,9,16,0,0,0,0,8,11,19,5,5,0,3,13,18,.563,,,13.7,3.0,3.2,0.8,0.8,0.0,2006
Marquis Daniels,25,6,53,6,11,1,3,4,5,2,1,3,8,0,0,4,7,17,.545,.333,.800,8.8,2.8,0.5,1.3,0.0,0.0,2006
DeSagana Diop,24,6,94,3,6,0,0,4,8,5,15,20,1,2,5,3,23,10,.500,,.500,15.7,1.7,3.3,0.2,0.3,0.8,2006
Keith Van Horn,30,5,39,3,11,1,6,0,0,1,5,6,0,0,0,3,5,7,.273,.167,,7.8,1.4,1.2,0.0,0.0,0.0,2006
Darrell Armstrong,37,1,6,0,2,0,1,0,0,0,1,1,0,0,0,0,0,0,.000,.000,,6.0,0.0,1.0,0.0,0.0,0.0,2006
D.J. Mbenga,25,2,9,0,0,0,0,0,0,0,3,3,0,0,0,1,4,0,,,,4.5,0.0,1.5,0.0,0.0,0.0,2006
Josh Powell,23,1,4,0,1,0,0,0,0,1,0,1,0,0,0,0,2,0,.000,,,4.0,0.0,1.0,0.0,0.0,0.0,2006
Team Totals,,6,1465,198,469,33,116,122,155,61,190,251,95,44,20,87,164,551,.422,.284,.787,244.2,91.8,41.8,15.8,7.3,3.3,2006
Antoine Walker,29,6,219,34,87,10,37,5,9,4,29,33,13,4,3,12,17,83,.391,.270,.556,36.5,13.8,5.5,2.2,0.7,0.5,2006
Shaquille O'Neal,33,6,211,34,56,0,0,14,48,15,46,61,17,3,5,19,22,82,.607,,.292,35.2,13.7,10.2,2.8,0.5,0.8,2006
Jason Williams,30,6,188,18,50,10,29,7,11,0,11,11,28,3,0,8,9,53,.360,.345,.636,31.3,8.8,1.8,4.7,0.5,0.0,2006
James Posey,29,6,177,13,31,8,20,10,13,6,30,36,2,6,0,7,22,44,.419,.400,.769,29.5,7.3,6.0,0.3,1.0,0.0,2006
Udonis Haslem,25,6,175,18,36,0,0,3,10,17,20,37,2,7,0,14,25,39,.500,,.300,29.2,6.5,6.2,0.3,1.2,0.0,2006
Alonzo Mourning,35,6,66,9,13,0,0,8,12,4,15,19,0,2,9,4,14,26,.692,,.667,11.0,4.3,3.2,0.0,0.3,1.5,2006
Gary Payton,37,6,134,7,19,1,7,1,3,3,9,12,12,6,0,6,14,16,.368,.143,.333,22.3,2.7,2.0,2.0,1.0,0.0,2006
Shandon Anderson,32,4,31,2,6,0,1,2,4,2,5,7,3,0,0,4,1,6,.333,.000,.500,7.8,1.5,1.8,0.8,0.0,0.0,2006
Michael Doleac,28,1,1,0,0,0,0,0,0,0,0,0,0,0,0,0,0,0,,,,1.0,0.0,0.0,0.0,0.0,0.0,2006
Jason Kapono,24,1,2,0,0,0,0,0,0,0,0,0,0,0,0,0,0,0,,,,2.0,0.0,0.0,0.0,0.0,0.0,2006
Team Totals,,6,1465,200,437,32,105,125,207,63,200,263,100,47,23,96,146,557,.458,.305,.604,244.2,92.8,43.8,16.7,7.8,3.8,2006
Richard Hamilton,26,7,295,49,127,1,6,18,24,9,28,37,18,4,1,14,23,117,.386,.167,.750,42.1,16.7,5.3,2.6,0.6,0.1,2005
Rasheed Wallace,30,7,227,35,80,5,17,1,4,13,26,39,13,14,17,7,30,76,.438,.294,.250,32.4,10.9,5.6,1.9,2.0,2.4,2005
Ben Wallace,30,7,280,33,58,0,0,9,21,27,45,72,7,12,21,7,19,75,.569,,.429,40.0,10.7,10.3,1.0,1.7,3.0,2005
Antonio McDyess,30,7,156,33,65,0,0,5,9,18,33,51,7,6,8,10,22,71,.508,,.556,22.3,10.1,7.3,1.0,0.9,1.1,2005
Tayshaun Prince,24,7,273,29,76,1,9,12,14,12,22,34,18,10,4,8,15,71,.382,.111,.857,39.0,10.1,4.9,2.6,1.4,0.6,2005
Lindsey Hunter,34,7,137,16,42,0,6,7,8,5,8,13,19,9,1,4,16,39,.381,.000,.875,19.6,5.6,1.9,2.7,1.3,0.1,2005
Carlos Arroyo,25,5,31,5,10,0,0,1,2,0,1,1,3,1,0,2,3,11,.500,,.500,6.2,2.2,0.2,0.6,0.2,0.0,2005
Darvin Ham,31,5,8,1,2,0,0,0,0,3,0,3,0,0,0,0,1,2,.500,,,1.6,0.4,0.6,0.0,0.0,0.0,2005
Darko Miličić,19,3,7,1,3,0,0,0,0,0,2,2,0,0,0,0,0,2,.333,,,2.3,0.7,0.7,0.0,0.0,0.0,2005
Elden Campbell,36,1,1,0,0,0,0,0,0,0,0,0,1,0,0,0,0,0,,,,1.0,0.0,0.0,1.0,0.0,0.0,2005
Ronald Dupree,24,5,9,0,2,0,0,0,0,0,0,0,0,0,0,0,0,0,.000,,,1.8,0.0,0.0,0.0,0.0,0.0,2005
Team Totals,,7,1706,248,571,18,75,93,126,96,191,287,130,63,53,61,149,607,.434,.240,.738,243.7,86.7,41.0,18.6,9.0,7.6,2005
Manu Ginóbili,27,7,252,42,85,12,31,35,41,8,33,41,28,9,1,23,23,131,.494,.387,.854,36.0,18.7,5.9,4.0,1.3,0.1,2005
Tony Parker,22,7,265,44,96,2,14,7,16,2,15,17,24,2,1,22,24,97,.458,.143,.438,37.9,13.9,2.4,3.4,0.3,0.1,2005
Robert Horry,34,7,204,24,54,15,31,11,15,13,21,34,15,7,5,8,15,74,.444,.484,.733,29.1,10.6,4.9,2.1,1.0,0.7,2005
Bruce Bowen,33,7,271,19,50,13,29,4,6,1,18,19,14,4,5,11,26,55,.380,.448,.667,38.7,7.9,2.7,2.0,0.6,0.7,2005
Nazr Mohammed,27,7,158,13,30,0,0,8,11,20,22,42,0,2,6,5,15,34,.433,,.727,22.6,4.9,6.0,0.0,0.3,0.9,2005
Brent Barry,33,7,142,11,27,6,16,4,5,3,12,15,11,4,2,8,15,32,.407,.375,.800,20.3,4.6,2.1,1.6,0.6,0.3,2005
Beno Udrih,22,5,46,4,11,2,4,2,2,2,3,5,4,1,0,8,3,12,.364,.500,1.000,9.2,2.4,1.0,0.8,0.2,0.0,2005
Devin Brown,26,6,35,3,11,1,2,4,7,1,5,6,3,0,0,1,2,11,.273,.500,.571,5.8,1.8,1.0,0.5,0.0,0.0,2005
Rasho Nesterović,28,4,25,1,2,0,0,0,2,3,5,8,1,0,1,1,2,2,.500,,.000,6.3,0.5,2.0,0.3,0.0,0.3,2005
Glenn Robinson,32,3,14,1,5,0,1,0,0,0,3,3,0,0,3,1,0,2,.200,.000,,4.7,0.7,1.0,0.0,0.0,1.0,2005
Tony Massenburg,37,3,9,0,3,0,0,0,0,0,3,3,0,0,0,0,1,0,.000,,,3.0,0.0,1.0,0.0,0.0,0.0,2005
Team Totals,,7,1706,216,503,51,128,111,159,86,206,292,115,32,39,105,142,594,.429,.398,.698,243.7,84.9,41.7,16.4,4.6,5.6,2005
Kobe Bryant,25,5,231,43,113,4,23,23,25,2,12,14,22,9,3,18,15,113,.381,.174,.920,46.2,22.6,2.8,4.4,1.8,0.6,2004
Derek Fisher,29,5,101,11,36,6,16,4,7,5,10,15,9,5,0,4,16,32,.306,.375,.571,20.2,6.4,3.0,1.8,1.0,0.0,2004
Devean George,26,5,106,11,28,5,15,2,4,3,11,14,3,5,2,2,16,29,.393,.333,.500,21.2,5.8,2.8,0.6,1.0,0.4,2004
Gary Payton,35,5,167,9,28,2,10,1,2,6,9,15,22,6,2,7,17,21,.321,.200,.500,33.4,4.2,3.0,4.4,1.2,0.4,2004
Karl Malone,40,4,125,8,24,0,1,4,6,8,21,29,9,1,1,4,8,20,.333,.000,.667,31.3,5.0,7.3,2.3,0.3,0.3,2004
Stanislav Medvedenko,24,5,71,6,17,0,0,6,8,6,12,18,3,0,1,2,12,18,.353,,.750,14.2,3.6,3.6,0.6,0.0,0.2,2004
Kareem Rush,23,5,76,7,22,4,16,0,0,0,5,5,2,1,0,5,10,18,.318,.250,,15.2,3.6,1.0,0.4,0.2,0.0,2004
Luke Walton,23,4,79,5,13,1,6,2,2,3,9,12,18,6,2,7,15,13,.385,.167,1.000,19.8,3.3,3.0,4.5,1.5,0.5,2004
Rick Fox,34,3,29,4,7,0,1,0,0,0,3,3,7,0,0,1,6,8,.571,.000,,9.7,2.7,1.0,2.3,0.0,0.0,2004
Brian Cook,23,3,21,1,6,0,0,2,2,3,5,8,0,1,0,2,4,4,.167,,1.000,7.0,1.3,2.7,0.0,0.3,0.0,2004
Bryon Russell,33,3,7,0,2,0,1,0,0,1,0,1,0,0,0,0,1,0,.000,.000,,2.3,0.0,0.3,0.0,0.0,0.0,2004
Team Totals,,5,1226,158,380,22,89,71,111,52,136,188,103,36,14,66,142,409,.416,.247,.640,245.2,81.8,37.6,20.6,7.2,2.8,2004
Chauncey Billups,27,5,194,29,57,8,17,39,42,3,13,16,26,6,0,13,8,105,.509,.471,.929,38.8,21.0,3.2,5.2,1.2,0.0,2004
Rasheed Wallace,29,5,153,24,53,3,12,14,18,7,32,39,7,2,8,4,19,65,.453,.250,.778,30.6,13.0,7.8,1.4,0.4,1.6,2004
Ben Wallace,29,5,205,22,46,0,2,10,34,19,49,68,7,9,5,6,15,54,.478,.000,.294,41.0,10.8,13.6,1.4,1.8,1.0,2004
Tayshaun Prince,23,5,198,21,54,3,16,5,11,15,19,34,10,9,2,2,9,50,.389,.188,.455,39.6,10.0,6.8,2.0,1.8,0.4,2004
Corliss Williamson,30,5,53,6,15,0,0,9,10,4,8,12,1,0,0,4,7,21,.400,,.900,10.6,4.2,2.4,0.2,0.0,0.0,2004
Lindsey Hunter,33,5,64,5,17,2,8,6,6,1,6,7,4,3,2,1,11,18,.294,.250,1.000,12.8,3.6,1.4,0.8,0.6,0.4,2004
Elden Campbell,35,5,68,6,16,0,0,5,10,6,7,13,8,5,3,3,13,17,.375,,.500,13.6,3.4,2.6,1.6,1.0,0.6,2004
Mehmet Okur,24,4,38,4,9,1,1,2,4,1,5,6,2,0,0,4,7,11,.444,1.000,.500,9.5,2.8,1.5,0.5,0.0,0.0,2004
Mike James,28,5,17,2,4,0,0,0,0,2,2,4,4,0,0,1,2,4,.500,,,3.4,0.8,0.8,0.8,0.0,0.0,2004
Darvin Ham,30,4,7,1,1,0,0,0,0,1,0,1,0,0,0,1,3,2,1.000,,,1.8,0.5,0.3,0.0,0.0,0.0,2004
Darko Miličić,18,3,4,0,2,0,0,0,2,1,1,2,0,1,0,1,0,0,.000,,.000,1.3,0.0,0.7,0.0,0.3,0.0,2004
Team Totals,,5,1225,157,366,21,66,119,171,72,156,228,89,39,20,63,103,454,.429,.318,.696,245.0,90.8,45.6,17.8,7.8,4.0,2004
Kenyon Martin,25,6,224,36,105,0,5,16,24,15,45,60,13,10,14,22,29,88,.343,.000,.667,37.3,14.7,10.0,2.2,1.7,2.3,2003
Richard Jefferson,22,6,230,30,72,0,1,19,24,8,31,39,11,8,2,14,18,79,.417,.000,.792,38.3,13.2,6.5,1.8,1.3,0.3,2003
Kerry Kittles,28,6,188,23,61,7,23,12,15,6,19,25,8,11,3,3,9,65,.377,.304,.800,31.3,10.8,4.2,1.3,1.8,0.5,2003
Lucious Harris,32,6,124,11,36,2,6,15,19,7,9,16,7,2,0,6,6,39,.306,.333,.789,20.7,6.5,2.7,1.2,0.3,0.0,2003
Rodney Rogers,31,6,74,10,31,3,8,5,6,4,6,10,3,0,0,5,12,28,.323,.375,.833,12.3,4.7,1.7,0.5,0.0,0.0,2003
Aaron Williams,31,5,72,11,26,0,0,6,8,10,11,21,4,1,7,1,16,28,.423,,.750,14.4,5.6,4.2,0.8,0.2,1.4,2003
Jason Collins,24,6,152,7,21,0,1,8,10,15,13,28,6,4,3,5,25,22,.333,.000,.800,25.3,3.7,4.7,1.0,0.7,0.5,2003
Dikembe Mutombo,36,6,82,5,10,0,0,4,4,7,10,17,0,3,8,5,14,14,.500,,1.000,13.7,2.3,2.8,0.0,0.5,1.3,2003
Anthony Johnson,28,5,28,5,9,1,2,0,0,0,1,1,1,1,0,3,2,11,.556,.500,,5.6,2.2,0.2,0.2,0.2,0.0,2003
Brian Scalabrine,24,1,1,0,0,0,0,0,0,0,1,1,0,0,0,0,0,0,,,,1.0,0.0,1.0,0.0,0.0,0.0,2003
Tamar Slay,22,1,1,0,0,0,0,0,0,0,0,0,0,0,0,0,0,0,,,,1.0,0.0,0.0,0.0,0.0,0.0,2003
Team Totals,,6,1441,182,492,23,83,105,134,86,169,255,100,47,38,82,145,492,.370,.277,.784,240.2,82.0,42.5,16.7,7.8,6.3,2003
Tony Parker,20,6,212,32,83,6,14,14,23,2,17,19,25,2,1,11,9,84,.386,.429,.609,35.3,14.0,3.2,4.2,0.3,0.2,2003
David Robinson,37,6,160,22,36,0,0,21,30,15,29,44,4,7,11,3,18,65,.611,,.700,26.7,10.8,7.3,0.7,1.2,1.8,2003
Stephen Jackson,24,6,213,23,61,10,28,6,12,4,21,25,16,7,2,26,16,62,.377,.357,.500,35.5,10.3,4.2,2.7,1.2,0.3,2003
Manu Ginóbili,25,6,171,16,46,3,14,17,21,9,18,27,12,13,3,10,18,52,.348,.214,.810,28.5,8.7,4.5,2.0,2.2,0.5,2003
Malik Rose,28,6,127,19,43,0,1,8,8,10,13,23,4,3,3,11,14,46,.442,.000,1.000,21.2,7.7,3.8,0.7,0.5,0.5,2003
Speedy Claxton,24,6,76,14,25,0,0,9,12,1,5,6,9,4,4,4,10,37,.560,,.750,12.7,6.2,1.0,1.5,0.7,0.7,2003
Bruce Bowen,31,6,172,7,30,4,14,2,2,2,17,19,5,4,2,4,14,20,.233,.286,1.000,28.7,3.3,3.2,0.8,0.7,0.3,2003
Steve Kerr,37,4,19,3,4,1,1,1,2,1,0,1,2,1,0,0,4,8,.750,1.000,.500,4.8,2.0,0.3,0.5,0.3,0.0,2003
Kevin Willis,40,5,23,3,9,0,0,2,2,7,2,9,0,0,1,3,4,8,.333,,1.000,4.6,1.6,1.8,0.0,0.0,0.2,2003
Danny Ferry,36,3,2,0,0,0,0,0,0,0,0,0,0,0,0,0,0,0,,,,0.7,0.0,0.0,0.0,0.0,0.0,2003
Steve Smith,33,1,1,0,1,0,1,0,0,0,0,0,0,0,0,0,0,0,.000,.000,,1.0,0.0,0.0,0.0,0.0,0.0,2003
Team Totals,,6,1440,193,447,24,75,117,166,74,201,275,109,47,59,95,123,527,.432,.320,.705,240.0,87.8,45.8,18.2,7.8,9.8,2003
Jason Kidd,28,4,167,35,80,6,20,7,11,12,17,29,39,9,3,12,8,83,.438,.300,.636,41.8,20.8,7.3,9.8,2.3,0.8,2002
Kerry Kittles,27,4,106,19,42,5,16,7,10,4,4,8,10,6,2,3,7,50,.452,.313,.700,26.5,12.5,2.0,2.5,1.5,0.5,2002
Keith Van Horn,26,4,122,17,44,5,12,3,4,7,16,23,9,2,1,5,15,42,.386,.417,.750,30.5,10.5,5.8,2.3,0.5,0.3,2002
Lucious Harris,31,4,91,11,32,1,5,8,10,5,6,11,8,4,0,0,6,31,.344,.200,.800,22.8,7.8,2.8,2.0,1.0,0.0,2002
Todd MacCulloch,26,4,73,14,28,0,0,2,4,12,8,20,2,3,4,5,14,30,.500,,.500,18.3,7.5,5.0,0.5,0.8,1.0,2002
Richard Jefferson,21,4,97,11,21,0,0,5,11,2,16,18,5,4,0,3,7,27,.524,,.455,24.3,6.8,4.5,1.3,1.0,0.0,2002
Jason Collins,23,4,76,5,10,0,0,7,8,5,5,10,1,1,2,3,19,17,.500,,.875,19.0,4.3,2.5,0.3,0.3,0.5,2002
Aaron Williams,30,4,46,6,16,0,0,2,2,4,5,9,1,3,2,0,14,14,.375,,1.000,11.5,3.5,2.3,0.3,0.8,0.5,2002
Anthony Johnson,27,4,21,2,6,0,0,1,2,1,1,2,1,0,0,0,0,5,.333,,.500,5.3,1.3,0.5,0.3,0.0,0.0,2002
Donny Marshall,29,2,2,0,1,0,1,0,0,0,0,0,0,0,0,0,0,0,.000,.000,,1.0,0.0,0.0,0.0,0.0,0.0,2002
Brian Scalabrine,23,1,1,0,0,0,0,0,0,0,0,0,0,0,0,0,0,0,,,,1.0,0.0,0.0,0.0,0.0,0.0,2002
Team Totals,,4,960,155,355,18,59,59,88,60,96,156,86,38,18,45,105,387,.437,.305,.670,240.0,96.8,39.0,21.5,9.5,4.5,2002
Kobe Bryant,23,4,174,36,70,6,11,29,36,3,20,23,21,6,3,15,11,107,.514,.545,.806,43.5,26.8,5.8,5.3,1.5,0.8,2002
Derek Fisher,27,4,132,17,33,8,12,9,14,2,12,14,15,1,0,7,10,51,.515,.667,.643,33.0,12.8,3.5,3.8,0.3,0.0,2002
Rick Fox,32,4,146,12,23,5,11,10,12,6,19,25,14,6,2,11,14,39,.522,.455,.833,36.5,9.8,6.3,3.5,1.5,0.5,2002
Robert Horry,31,4,158,11,24,5,11,5,6,6,23,29,17,11,7,6,13,32,.458,.455,.833,39.5,8.0,7.3,4.3,2.8,1.8,2002
Devean George,24,4,72,10,23,3,5,3,3,5,14,19,0,1,2,2,7,26,.435,.600,1.000,18.0,6.5,4.8,0.0,0.3,0.5,2002
Brian Shaw,35,4,65,6,21,2,9,0,0,3,4,7,10,1,2,2,4,14,.286,.222,,16.3,3.5,1.8,2.5,0.3,0.5,2002
Samaki Walker,25,4,24,1,4,0,0,2,2,3,5,8,0,0,1,3,5,4,.250,,1.000,6.0,1.0,2.0,0.0,0.0,0.3,2002
Lindsey Hunter,31,3,12,1,5,0,2,0,0,1,0,1,0,0,0,0,4,2,.200,.000,,4.0,0.7,0.3,0.0,0.0,0.0,2002
Stanislav Medvedenko,22,2,9,1,1,0,0,0,0,1,0,1,0,0,0,0,3,2,1.000,,,4.5,1.0,0.5,0.0,0.0,0.0,2002
Mitch Richmond,36,1,1,1,1,0,0,0,0,0,0,0,0,0,0,0,0,2,1.000,,,1.0,2.0,0.0,0.0,0.0,0.0,2002
Mark Madsen,26,1,2,0,0,0,0,0,0,0,0,0,0,0,0,0,0,0,,,,2.0,0.0,0.0,0.0,0.0,0.0,2002
Team Totals,,4,961,146,289,29,61,103,141,43,133,176,92,28,28,60,78,424,.505,.475,.730,240.3,106.0,44.0,23.0,7.0,7.0,2002
Dikembe Mutombo,34,5,208,33,55,0,0,18,26,20,41,61,2,2,11,5,23,84,.600,,.692,41.6,16.8,12.2,0.4,0.4,2.2,2001
Eric Snow,27,5,166,22,54,0,3,19,26,11,11,22,30,8,1,14,14,63,.407,.000,.731,33.2,12.6,4.4,6.0,1.6,0.2,2001
Aaron McKie,28,5,206,15,48,4,9,6,9,7,20,27,30,6,3,14,10,40,.313,.444,.667,41.2,8.0,5.4,6.0,1.2,0.6,2001
Tyrone Hill,32,5,141,13,33,0,0,7,9,7,26,33,2,0,6,5,21,33,.394,,.778,28.2,6.6,6.6,0.4,0.0,1.2,2001
Matt Geiger,31,5,53,12,18,0,0,2,2,2,3,5,2,1,0,3,20,26,.667,,1.000,10.6,5.2,1.0,0.4,0.2,0.0,2001
Raja Bell,24,5,79,4,13,0,3,5,10,2,7,9,4,10,0,4,10,13,.308,.000,.500,15.8,2.6,1.8,0.8,2.0,0.0,2001
Todd MacCulloch,25,5,31,5,12,0,0,3,4,5,2,7,0,0,0,2,4,13,.417,,.750,6.2,2.6,1.4,0.0,0.0,0.0,2001
Jumaine Jones,21,5,61,4,10,2,4,0,0,2,8,10,1,1,2,2,5,10,.400,.500,,12.2,2.0,2.0,0.2,0.2,0.4,2001
Kevin Ollie,28,5,14,1,3,0,0,3,3,1,0,1,1,0,0,0,1,5,.333,,1.000,2.8,1.0,0.2,0.2,0.0,0.0,2001
Rodney Buford,23,3,12,1,6,0,1,0,0,2,4,6,0,0,0,1,2,2,.167,.000,,4.0,0.7,2.0,0.0,0.0,0.0,2001
George Lynch,30,2,13,1,3,0,0,0,0,2,3,5,1,2,0,0,3,2,.333,,,6.5,1.0,2.5,0.5,1.0,0.0,2001
Team Totals,,5,1223,177,417,17,59,98,137,66,148,214,92,39,24,62,125,469,.424,.288,.715,244.6,93.8,42.8,18.4,7.8,4.8,2001
Kobe Bryant,22,5,234,44,106,3,9,32,38,5,34,39,29,7,7,18,15,123,.415,.333,.842,46.8,24.6,7.8,5.8,1.4,1.4,2001
Derek Fisher,26,5,156,17,39,10,19,5,6,1,5,6,10,8,1,6,20,49,.436,.526,.833,31.2,9.8,1.2,2.0,1.6,0.2,2001
Rick Fox,31,5,165,15,34,7,15,12,13,3,20,23,19,6,2,14,14,49,.441,.467,.923,33.0,9.8,4.6,3.8,1.2,0.4,2001
Robert Horry,30,5,127,14,25,8,13,6,6,10,15,25,6,4,7,2,17,42,.560,.615,1.000,25.4,8.4,5.0,1.2,0.8,1.4,2001
Horace Grant,35,5,124,10,34,0,0,6,8,12,16,28,3,2,7,2,9,26,.294,,.750,24.8,5.2,5.6,0.6,0.4,1.4,2001
Tyronn Lue,23,5,74,7,12,4,6,0,0,1,3,4,7,7,1,5,7,18,.583,.667,,14.8,3.6,0.8,1.4,1.4,0.2,2001
Brian Shaw,34,5,93,6,20,3,10,3,5,3,13,16,14,4,0,7,12,18,.300,.300,.600,18.6,3.6,3.2,2.8,0.8,0.0,2001
Ron Harper,37,3,25,5,8,1,3,2,3,0,5,5,3,1,1,0,2,13,.625,.333,.667,8.3,4.3,1.7,1.0,0.3,0.3,2001
Mark Madsen,25,2,2,0,1,0,0,0,0,1,0,1,0,0,1,0,0,0,.000,,,1.0,0.0,0.5,0.0,0.0,0.5,2001
Team Totals,,5,1225,181,389,36,75,105,155,67,159,226,115,41,44,74,116,503,.465,.480,.677,245.0,100.6,45.2,23.0,8.2,8.8,2001
Jalen Rose,27,6,260,50,107,8,16,30,36,2,25,27,18,5,2,17,19,138,.467,.500,.833,43.3,23.0,4.5,3.0,0.8,0.3,2000
Austin Croshere,24,6,145,24,44,4,10,39,45,8,28,36,5,2,6,7,19,91,.545,.400,.867,24.2,15.2,6.0,0.8,0.3,1.0,2000
Rik Smits,33,6,115,27,58,0,0,6,6,8,16,24,3,3,7,8,29,60,.466,,1.000,19.2,10.0,4.0,0.5,0.5,1.2,2000
Mark Jackson,34,6,187,19,46,8,20,12,15,3,29,32,46,5,0,11,13,58,.413,.400,.800,31.2,9.7,5.3,7.7,0.8,0.0,2000
Dale Davis,30,6,177,23,40,0,0,6,11,19,41,60,6,2,6,0,28,52,.575,,.545,29.5,8.7,10.0,1.0,0.3,1.0,2000
Sam Perkins,38,6,132,11,29,11,23,3,4,1,23,24,6,3,0,4,20,36,.379,.478,.750,22.0,6.0,4.0,1.0,0.5,0.0,2000
Travis Best,27,6,98,14,30,2,4,5,6,4,3,7,13,4,1,4,7,35,.467,.500,.833,16.3,5.8,1.2,2.2,0.7,0.2,2000
Derrick McKey,33,6,72,3,6,1,2,4,6,6,13,19,1,2,1,5,10,11,.500,.500,.667,12.0,1.8,3.2,0.2,0.3,0.2,2000
Jonathan Bender,19,2,6,2,3,0,0,3,4,0,1,1,0,1,0,0,0,7,.667,,.750,3.0,3.5,0.5,0.0,0.5,0.0,2000
Chris Mullin,36,3,12,1,2,0,1,2,3,0,0,0,1,1,1,1,0,4,.500,.000,.667,4.0,1.3,0.0,0.3,0.3,0.3,2000
Žan Tabak,29,3,10,1,2,0,0,0,0,1,0,1,0,0,0,0,6,2,.500,,,3.3,0.7,0.3,0.0,0.0,0.0,2000
Team Totals,,6,1466,218,471,49,116,155,182,52,195,247,121,33,26,65,159,640,.463,.422,.852,244.3,106.7,41.2,20.2,5.5,4.3,2000
Kobe Bryant,21,5,176,33,90,2,10,10,11,6,17,23,21,5,7,6,18,78,.367,.200,.909,35.2,15.6,4.6,4.2,1.0,1.4,2000
Glen Rice,32,6,193,22,55,12,19,13,20,1,14,15,10,5,1,9,14,69,.400,.632,.650,32.2,11.5,2.5,1.7,0.8,0.2,2000
Ron Harper,36,6,185,26,56,6,15,7,10,4,16,20,29,8,1,12,14,65,.464,.400,.700,30.8,10.8,3.3,4.8,1.3,0.2,2000
Robert Horry,29,6,182,22,43,3,15,8,11,8,23,31,17,5,6,9,28,55,.512,.200,.727,30.3,9.2,5.2,2.8,0.8,1.0,2000
Rick Fox,30,6,104,11,18,5,8,13,15,3,7,10,6,3,0,4,20,40,.611,.625,.867,17.3,6.7,1.7,1.0,0.5,0.0,2000
Derek Fisher,25,6,112,12,28,7,12,5,6,2,4,6,23,5,0,3,13,36,.429,.583,.833,18.7,6.0,1.0,3.8,0.8,0.0,2000
A.C. Green,36,6,103,12,21,0,0,6,7,9,11,20,3,1,0,2,11,30,.571,,.857,17.2,5.0,3.3,0.5,0.2,0.0,2000
Brian Shaw,33,6,112,8,37,0,12,2,2,3,14,17,17,2,0,5,11,18,.216,.000,1.000,18.7,3.0,2.8,2.8,0.3,0.0,2000
Travis Knight,25,4,10,2,3,0,0,1,2,2,0,2,0,0,0,1,5,5,.667,,.500,2.5,1.3,0.5,0.0,0.0,0.0,2000
John Salley,35,4,13,2,3,0,0,0,0,1,2,3,0,1,0,0,4,4,.667,,,3.3,1.0,0.8,0.0,0.3,0.0,2000
Devean George,22,1,3,0,1,0,1,1,2,0,1,1,0,0,0,1,2,1,.000,.000,.500,3.0,1.0,1.0,0.0,0.0,0.0,2000
Team Totals,,6,1467,246,512,35,92,102,179,73,175,248,140,41,31,65,160,629,.480,.380,.570,244.5,104.8,41.3,23.3,6.8,5.2,2000
Allan Houston,27,5,223,41,96,2,12,24,26,2,14,16,17,2,0,13,9,108,.427,.167,.923,44.6,21.6,3.2,3.4,0.4,0.0,1999
Marcus Camby,24,5,136,21,42,0,0,6,8,13,26,39,1,3,10,2,25,48,.500,,.750,27.2,9.6,7.8,0.2,0.6,2.0,1999
Larry Johnson,29,5,184,14,49,2,18,8,13,6,18,24,7,6,1,8,22,38,.286,.111,.615,36.8,7.6,4.8,1.4,1.2,0.2,1999
Charlie Ward,28,5,146,12,26,4,12,1,2,6,10,16,18,13,2,7,9,29,.462,.333,.500,29.2,5.8,3.2,3.6,2.6,0.4,1999
Kurt Thomas,26,5,106,11,32,0,0,6,10,13,25,38,2,6,0,1,23,28,.344,,.600,21.2,5.6,7.6,0.4,1.2,0.0,1999
Chris Childs,31,5,105,5,22,1,5,1,2,1,5,6,11,2,0,8,14,12,.227,.200,.500,21.0,2.4,1.2,2.2,0.4,0.0,1999
Chris Dudley,33,5,78,2,8,0,0,2,6,2,17,19,1,1,3,5,14,6,.250,,.333,15.6,1.2,3.8,0.2,0.2,0.6,1999
Rick Brunson,26,1,0,0,0,0,0,0,0,0,0,0,0,0,0,0,0,0,,,,0.0,0.0,0.0,0.0,0.0,0.0,1999
Herb Williams,40,2,2,0,1,0,0,0,0,0,0,0,0,0,0,0,0,0,.000,,,1.0,0.0,0.0,0.0,0.0,0.0,1999
Team Totals,,5,1200,154,393,11,54,80,105,49,142,191,70,40,17,58,123,399,.392,.204,.762,240.0,79.8,38.2,14.0,8.0,3.4,1999
David Robinson,33,5,186,25,59,0,0,33,48,14,45,59,12,5,15,8,16,83,.424,,.688,37.2,16.6,11.8,2.4,1.0,3.0,1999
Mario Elie,35,5,175,17,38,4,13,20,23,2,18,20,13,6,0,8,14,58,.447,.308,.870,35.0,11.6,4.0,2.6,1.2,0.0,1999
Avery Johnson,33,5,196,20,40,0,1,6,10,2,11,13,36,3,0,20,11,46,.500,.000,.600,39.2,9.2,2.6,7.2,0.6,0.0,1999
Sean Elliott,30,5,182,14,42,5,18,7,11,4,11,15,15,4,1,6,14,40,.333,.278,.636,36.4,8.0,3.0,3.0,0.8,0.2,1999
Jaren Jackson,31,5,96,12,37,9,24,0,0,1,6,7,5,5,0,9,13,33,.324,.375,,19.2,6.6,1.4,1.0,1.0,0.0,1999
Antonio Daniels,23,4,23,4,5,2,2,0,0,0,2,2,4,1,0,2,3,10,.800,1.000,,5.8,2.5,0.5,1.0,0.3,0.0,1999
Steve Kerr,33,5,44,4,10,1,2,0,1,2,3,5,2,0,0,2,3,9,.400,.500,.000,8.8,1.8,1.0,0.4,0.0,0.0,1999
Malik Rose,24,5,65,2,10,0,0,2,4,3,9,12,2,3,2,5,13,6,.200,,.500,13.0,1.2,2.4,0.4,0.6,0.4,1999
Jerome Kersey,36,2,4,1,1,0,0,0,0,0,0,0,0,0,0,0,1,2,1.000,,,2.0,1.0,0.0,0.0,0.0,0.0,1999
Gerard King,26,2,1,0,0,0,0,0,0,0,0,0,0,0,0,0,0,0,,,,0.5,0.0,0.0,0.0,0.0,0.0,1999
Team Totals,,5,1200,150,337,21,62,103,141,42,161,203,101,32,29,77,100,424,.445,.339,.730,240.0,84.8,40.6,20.2,6.4,5.8,1999
Jeff Hornacek,34,6,205,23,56,3,9,15,18,1,15,16,16,5,1,11,18,64,.411,.333,.833,34.2,10.7,2.7,2.7,0.8,0.2,1998
John Stockton,35,6,193,24,49,2,9,8,11,1,14,15,52,12,0,18,19,58,.490,.222,.727,32.2,9.7,2.5,8.7,2.0,0.0,1998
Bryon Russell,27,6,217,18,44,6,21,11,16,4,26,30,8,7,1,9,15,53,.409,.286,.688,36.2,8.8,5.0,1.3,1.2,0.2,1998
Shandon Anderson,24,6,126,17,34,1,3,9,11,6,10,16,2,1,1,11,15,44,.500,.333,.818,21.0,7.3,2.7,0.3,0.2,0.2,1998
Howard Eisley,25,6,106,12,32,1,7,3,3,2,10,12,23,2,1,10,10,28,.375,.143,1.000,17.7,4.7,2.0,3.8,0.3,0.2,1998
Chris Morris,32,6,105,11,28,0,9,4,6,2,13,15,3,2,1,2,17,26,.393,.000,.667,17.5,4.3,2.5,0.5,0.3,0.2,1998
Antoine Carr,36,6,87,11,22,0,0,3,4,5,7,12,0,0,1,4,11,25,.500,,.750,14.5,4.2,2.0,0.0,0.0,0.2,1998
Adam Keefe,27,5,61,6,14,0,0,2,4,9,8,17,1,2,0,3,10,14,.429,,.500,12.2,2.8,3.4,0.2,0.4,0.0,1998
Greg Ostertag,24,5,55,5,12,0,0,1,1,5,11,16,0,0,1,2,6,11,.417,,1.000,11.0,2.2,3.2,0.0,0.0,0.2,1998
Greg Foster,29,6,62,4,15,0,1,0,0,5,9,14,0,1,1,4,10,8,.267,.000,,10.3,1.3,2.3,0.0,0.2,0.2,1998
Jacque Vaughn,22,1,7,0,6,0,0,0,0,0,2,2,0,0,0,1,0,0,.000,,,7.0,0.0,2.0,0.0,0.0,0.0,1998
Team Totals,,6,1467,191,431,13,60,86,112,61,167,228,128,38,15,98,150,481,.443,.217,.768,244.5,80.2,38.0,21.3,6.3,2.5,1998
Scottie Pippen,32,6,237,34,83,6,26,20,24,17,24,41,29,10,5,16,17,94,.410,.231,.833,39.5,15.7,6.8,4.8,1.7,0.8,1998
Toni Kukoč,29,6,222,38,76,7,23,8,13,10,18,28,16,7,4,10,14,91,.500,.304,.615,37.0,15.2,4.7,2.7,1.2,0.7,1998
Ron Harper,34,6,173,12,33,1,6,7,12,3,24,27,17,9,4,7,13,32,.364,.167,.583,28.8,5.3,4.5,2.8,1.5,0.7,1998
Luc Longley,29,6,131,12,27,0,0,6,8,11,18,29,9,5,5,11,25,30,.444,,.750,21.8,5.0,4.8,1.5,0.8,0.8,1998
Steve Kerr,32,6,125,7,20,5,13,4,4,1,1,2,15,2,0,3,8,23,.350,.385,1.000,20.8,3.8,0.3,2.5,0.3,0.0,1998
Scott Burrell,27,6,83,9,22,1,4,2,3,0,15,15,0,7,1,3,7,21,.409,.250,.667,13.8,3.5,2.5,0.0,1.2,0.2,1998
Dennis Rodman,36,6,182,6,13,0,0,8,12,20,30,50,6,7,2,6,23,20,.462,,.667,30.3,3.3,8.3,1.0,1.2,0.3,1998
Jud Buechler,29,6,30,3,5,2,3,0,0,1,1,2,2,1,1,1,4,8,.600,.667,,5.0,1.3,0.3,0.3,0.2,0.2,1998
Bill Wennington,34,3,13,2,5,0,0,0,0,0,3,3,1,0,1,2,1,4,.400,,,4.3,1.3,1.0,0.3,0.0,0.3,1998
Randy Brown,29,2,8,1,3,0,0,0,0,0,2,2,0,1,0,2,0,2,.333,,,4.0,1.0,1.0,0.0,0.5,0.0,1998
Dickey Simpkins,25,2,12,1,2,0,0,0,2,1,2,3,1,0,1,1,1,2,.500,,.000,6.0,1.0,1.5,0.5,0.0,0.5,1998
Team Totals,,6,1466,195,453,26,88,112,148,73,153,226,110,60,28,72,126,528,.430,.295,.757,244.3,88.0,37.7,18.3,10.0,4.7,1998
